station_id,stationname,date,daytype,rides
40010,Austin-Forest Park,01/01/2001,U,290
40020,Harlem-Lake,01/01/2001,U,633
40030,Pulaski-Lake,01/01/2001,U,483
40040,Quincy/Wells,01/01/2001,U,374
40050,Davis,01/01/2001,U,804
40060,Belmont-O'Hare,01/01/2001,U,1165
40070,Jackson/Dearborn,01/01/2001,U,649
40080,Sheridan,01/01/2001,U,1116
40090,Damen-Brown,01/01/2001,U,411
40100,Morse,01/01/2001,U,1698
40120,35th/Archer,01/01/2001,U,318
40130,51st,01/01/2001,U,364
40140,Skokie,01/01/2001,U,0
40150,Pulaski-Cermak,01/01/2001,U,0
40160,LaSalle/Van Buren,01/01/2001,U,96
40170,Ashland-Lake,01/01/2001,U,246
40180,Oak Park-Forest Park,01/01/2001,U,157
40190,Sox-35th-Dan Ryan,01/01/2001,U,1131
40200,Randolph/Wabash,01/01/2001,U,834
40210,Damen-Cermak,01/01/2001,U,0
40220,Western-Forest Park,01/01/2001,U,318
40230,Cumberland,01/01/2001,U,788
40240,79th,01/01/2001,U,2470
40250,Kedzie-Homan-Forest Park,01/01/2001,U,448
40260,State/Lake,01/01/2001,U,2059
40270,Main,01/01/2001,U,279
40280,Central-Lake,01/01/2001,U,700
40290,Ashland/63rd,01/01/2001,U,540
40300,Indiana,01/01/2001,U,199
40310,Western-Orange,01/01/2001,U,460
40320,Division/Milwaukee,01/01/2001,U,854
40330,Grand/State,01/01/2001,U,2542
40340,Berwyn,01/01/2001,U,1046
40350,UIC-Halsted,01/01/2001,U,273
40360,Southport,01/01/2001,U,417
40370,Washington/Dearborn,01/01/2001,U,1039
40380,Clark/Lake,01/01/2001,U,1080
40390,Forest Park,01/01/2001,U,660
40400,Noyes,01/01/2001,U,72
40420,Cicero-Cermak,01/01/2001,U,0
40430,Clinton-Forest Park,01/01/2001,U,546
40440,California-Cermak,01/01/2001,U,0
40450,95th/Dan Ryan,01/01/2001,U,3948
40460,Merchandise Mart,01/01/2001,U,185
40470,Racine,01/01/2001,U,286
40480,Cicero-Lake,01/01/2001,U,405
40490,Grand/Milwaukee,01/01/2001,U,182
40500,Washington/State,01/01/2001,U,1181
40510,Garfield-South Elevated,01/01/2001,U,248
40520,Foster,01/01/2001,U,126
40530,Diversey,01/01/2001,U,670
40540,Wilson,01/01/2001,U,1449
40550,Irving Park-O'Hare,01/01/2001,U,731
40560,Jackson/State,01/01/2001,U,1255
40570,California/Milwaukee,01/01/2001,U,666
40580,54th/Cermak,01/01/2001,U,0
40590,Damen/Milwaukee,01/01/2001,U,870
40600,Kostner,01/01/2001,U,0
40610,Ridgeland,01/01/2001,U,141
40630,Clark/Division,01/01/2001,U,2314
40640,Madison/Wabash,01/01/2001,U,368
40650,North/Clybourn,01/01/2001,U,1156
40660,Armitage,01/01/2001,U,355
40670,Western/Milwaukee,01/01/2001,U,621
40680,Adams/Wabash,01/01/2001,U,700
40690,Dempster,01/01/2001,U,177
40700,Laramie,01/01/2001,U,346
40710,Chicago/Franklin,01/01/2001,U,384
40720,East 63rd-Cottage Grove,01/01/2001,U,391
40730,Washington/Wells,01/01/2001,U,259
40740,Western-Cermak,01/01/2001,U,0
40750,Harlem-O'Hare,01/01/2001,U,469
40760,Granville,01/01/2001,U,1059
40770,Lawrence,01/01/2001,U,874
40780,Central Park,01/01/2001,U,0
40790,Monroe/Dearborn,01/01/2001,U,342
40800,Sedgwick,01/01/2001,U,431
40810,Medical Center,01/01/2001,U,479
40820,Rosemont,01/01/2001,U,808
40830,18th,01/01/2001,U,0
40840,South Boulevard,01/01/2001,U,202
40850,Library,01/01/2001,U,156
40870,Francisco,01/01/2001,U,196
40880,Thorndale,01/01/2001,U,953
40890,O'Hare Airport,01/01/2001,U,6383
40900,Howard,01/01/2001,U,2068
40910,63rd-Dan Ryan,01/01/2001,U,1366
40920,Pulaski-Forest Park,01/01/2001,U,474
40930,Midway Airport,01/01/2001,U,2030
40940,Halsted/63rd,01/01/2001,U,230
40960,Pulaski-Orange,01/01/2001,U,469
40970,Cicero-Forest Park,01/01/2001,U,413
40980,Harlem-Forest Park,01/01/2001,U,173
40990,69th,01/01/2001,U,2366
41000,Cermak-Chinatown,01/01/2001,U,1273
41010,Rockwell,01/01/2001,U,209
41020,Logan Square,01/01/2001,U,987
41030,Polk,01/01/2001,U,0
41040,Kedzie-Cermak,01/01/2001,U,0
41050,Linden,01/01/2001,U,176
41060,Ashland-Orange,01/01/2001,U,242
41070,Kedzie-Lake,01/01/2001,U,357
41080,47th-South Elevated,01/01/2001,U,427
41090,Monroe/State,01/01/2001,U,979
41120,35-Bronzeville-IIT,01/01/2001,U,448
41130,Halsted-Orange,01/01/2001,U,306
41140,King Drive,01/01/2001,U,144
41150,Kedzie-Midway,01/01/2001,U,460
41160,Clinton-Lake,01/01/2001,U,217
41170,Garfield-Dan Ryan,01/01/2001,U,1457
41180,Kedzie-Brown,01/01/2001,U,402
41190,Jarvis,01/01/2001,U,590
41200,Argyle,01/01/2001,U,993
41210,Wellington,01/01/2001,U,270
41220,Fullerton,01/01/2001,U,1763
41230,47th-Dan Ryan,01/01/2001,U,787
41240,Addison-O'Hare,01/01/2001,U,388
41250,Central-Evanston,01/01/2001,U,180
41260,Austin-Lake,01/01/2001,U,399
41270,43rd,01/01/2001,U,211
41280,Jefferson Park,01/01/2001,U,1302
41290,Kimball,01/01/2001,U,869
41300,Loyola,01/01/2001,U,1403
41310,Paulina,01/01/2001,U,323
41320,Belmont-North Main,01/01/2001,U,2872
41330,Montrose-O'Hare,01/01/2001,U,383
41340,LaSalle,01/01/2001,U,142
41350,Oak Park-Lake,01/01/2001,U,170
41360,California-Lake,01/01/2001,U,213
41380,Bryn Mawr,01/01/2001,U,1407
41400,Roosevelt,01/01/2001,U,1363
41410,Chicago/Milwaukee,01/01/2001,U,252
41420,Addison-North Main,01/01/2001,U,1227
41430,87th,01/01/2001,U,1659
41440,Addison-Brown,01/01/2001,U,225
41450,Chicago/State,01/01/2001,U,4395
41460,Irving Park-Brown,01/01/2001,U,327
41480,Western-Brown,01/01/2001,U,715
41490,Harrison,01/01/2001,U,502
41500,Montrose-Brown,01/01/2001,U,338
41660,Lake/State,01/01/2001,U,2942
40010,Austin-Forest Park,01/02/2001,W,1240
40020,Harlem-Lake,01/02/2001,W,2950
40030,Pulaski-Lake,01/02/2001,W,1230
40040,Quincy/Wells,01/02/2001,W,7737
40050,Davis,01/02/2001,W,3199
40060,Belmont-O'Hare,01/02/2001,W,4046
40070,Jackson/Dearborn,01/02/2001,W,5777
40080,Sheridan,01/02/2001,W,3854
40090,Damen-Brown,01/02/2001,W,1823
40100,Morse,01/02/2001,W,3807
40120,35th/Archer,01/02/2001,W,1654
40130,51st,01/02/2001,W,913
40140,Skokie,01/02/2001,W,2107
40150,Pulaski-Cermak,01/02/2001,W,398
40160,LaSalle/Van Buren,01/02/2001,W,3508
40170,Ashland-Lake,01/02/2001,W,1142
40180,Oak Park-Forest Park,01/02/2001,W,1156
40190,Sox-35th-Dan Ryan,01/02/2001,W,2661
40200,Randolph/Wabash,01/02/2001,W,5194
40210,Damen-Cermak,01/02/2001,W,566
40220,Western-Forest Park,01/02/2001,W,702
40230,Cumberland,01/02/2001,W,4110
40240,79th,01/02/2001,W,6075
40250,Kedzie-Homan-Forest Park,01/02/2001,W,1074
40260,State/Lake,01/02/2001,W,7286
40270,Main,01/02/2001,W,1104
40280,Central-Lake,01/02/2001,W,1835
40290,Ashland/63rd,01/02/2001,W,1523
40300,Indiana,01/02/2001,W,456
40310,Western-Orange,01/02/2001,W,2627
40320,Division/Milwaukee,01/02/2001,W,3650
40330,Grand/State,01/02/2001,W,7790
40340,Berwyn,01/02/2001,W,2891
40350,UIC-Halsted,01/02/2001,W,1775
40360,Southport,01/02/2001,W,2409
40370,Washington/Dearborn,01/02/2001,W,7757
40380,Clark/Lake,01/02/2001,W,13263
40390,Forest Park,01/02/2001,W,2971
40400,Noyes,01/02/2001,W,389
40420,Cicero-Cermak,01/02/2001,W,754
40430,Clinton-Forest Park,01/02/2001,W,2329
40440,California-Cermak,01/02/2001,W,588
40450,95th/Dan Ryan,01/02/2001,W,11692
40460,Merchandise Mart,01/02/2001,W,5350
40470,Racine,01/02/2001,W,1142
40480,Cicero-Lake,01/02/2001,W,1019
40490,Grand/Milwaukee,01/02/2001,W,1003
40500,Washington/State,01/02/2001,W,6507
40510,Garfield-South Elevated,01/02/2001,W,617
40520,Foster,01/02/2001,W,546
40530,Diversey,01/02/2001,W,3858
40540,Wilson,01/02/2001,W,3519
40550,Irving Park-O'Hare,01/02/2001,W,3444
40560,Jackson/State,01/02/2001,W,8712
40570,California/Milwaukee,01/02/2001,W,2508
40580,54th/Cermak,01/02/2001,W,1404
40590,Damen/Milwaukee,01/02/2001,W,3624
40600,Kostner,01/02/2001,W,218
40610,Ridgeland,01/02/2001,W,1036
40630,Clark/Division,01/02/2001,W,5657
40640,Madison/Wabash,01/02/2001,W,3294
40650,North/Clybourn,01/02/2001,W,3093
40660,Armitage,01/02/2001,W,2537
40670,Western/Milwaukee,01/02/2001,W,2504
40680,Adams/Wabash,01/02/2001,W,5750
40690,Dempster,01/02/2001,W,561
40700,Laramie,01/02/2001,W,1091
40710,Chicago/Franklin,01/02/2001,W,3485
40720,East 63rd-Cottage Grove,01/02/2001,W,1216
40730,Washington/Wells,01/02/2001,W,6788
40740,Western-Cermak,01/02/2001,W,418
40750,Harlem-O'Hare,01/02/2001,W,2299
40760,Granville,01/02/2001,W,2717
40770,Lawrence,01/02/2001,W,2212
40780,Central Park,01/02/2001,W,337
40790,Monroe/Dearborn,01/02/2001,W,4971
40800,Sedgwick,01/02/2001,W,1844
40810,Medical Center,01/02/2001,W,1372
40820,Rosemont,01/02/2001,W,4433
40830,18th,01/02/2001,W,813
40840,South Boulevard,01/02/2001,W,745
40850,Library,01/02/2001,W,1878
40870,Francisco,01/02/2001,W,965
40880,Thorndale,01/02/2001,W,2291
40890,O'Hare Airport,01/02/2001,W,9301
40900,Howard,01/02/2001,W,5437
40910,63rd-Dan Ryan,01/02/2001,W,3047
40920,Pulaski-Forest Park,01/02/2001,W,1001
40930,Midway Airport,01/02/2001,W,7727
40940,Halsted/63rd,01/02/2001,W,674
40960,Pulaski-Orange,01/02/2001,W,3563
40970,Cicero-Forest Park,01/02/2001,W,836
40980,Harlem-Forest Park,01/02/2001,W,667
40990,69th,01/02/2001,W,5732
41000,Cermak-Chinatown,01/02/2001,W,2036
41010,Rockwell,01/02/2001,W,1107
41020,Logan Square,01/02/2001,W,4199
41030,Polk,01/02/2001,W,2011
41040,Kedzie-Cermak,01/02/2001,W,335
41050,Linden,01/02/2001,W,941
41060,Ashland-Orange,01/02/2001,W,988
41070,Kedzie-Lake,01/02/2001,W,850
41080,47th-South Elevated,01/02/2001,W,1116
41090,Monroe/State,01/02/2001,W,6848
41120,35-Bronzeville-IIT,01/02/2001,W,1195
41130,Halsted-Orange,01/02/2001,W,1774
41140,King Drive,01/02/2001,W,580
41150,Kedzie-Midway,01/02/2001,W,2335
41160,Clinton-Lake,01/02/2001,W,1681
41170,Garfield-Dan Ryan,01/02/2001,W,3748
41180,Kedzie-Brown,01/02/2001,W,1173
41190,Jarvis,01/02/2001,W,1338
41200,Argyle,01/02/2001,W,2405
41210,Wellington,01/02/2001,W,2194
41220,Fullerton,01/02/2001,W,7054
41230,47th-Dan Ryan,01/02/2001,W,1902
41240,Addison-O'Hare,01/02/2001,W,1998
41250,Central-Evanston,01/02/2001,W,842
41260,Austin-Lake,01/02/2001,W,1621
41270,43rd,01/02/2001,W,640
41280,Jefferson Park,01/02/2001,W,5812
41290,Kimball,01/02/2001,W,3335
41300,Loyola,01/02/2001,W,3508
41310,Paulina,01/02/2001,W,1795
41320,Belmont-North Main,01/02/2001,W,7703
41330,Montrose-O'Hare,01/02/2001,W,1637
41340,LaSalle,01/02/2001,W,1866
41350,Oak Park-Lake,01/02/2001,W,1272
41360,California-Lake,01/02/2001,W,619
41380,Bryn Mawr,01/02/2001,W,3983
41400,Roosevelt,01/02/2001,W,4775
41410,Chicago/Milwaukee,01/02/2001,W,1706
41420,Addison-North Main,01/02/2001,W,3937
41430,87th,01/02/2001,W,4577
41440,Addison-Brown,01/02/2001,W,1512
41450,Chicago/State,01/02/2001,W,11058
41460,Irving Park-Brown,01/02/2001,W,2040
41480,Western-Brown,01/02/2001,W,3194
41490,Harrison,01/02/2001,W,2390
41500,Montrose-Brown,01/02/2001,W,1710
41660,Lake/State,01/02/2001,W,12087
40010,Austin-Forest Park,01/03/2001,W,1412
40020,Harlem-Lake,01/03/2001,W,3107
40030,Pulaski-Lake,01/03/2001,W,1394
40040,Quincy/Wells,01/03/2001,W,8051
40050,Davis,01/03/2001,W,3476
40060,Belmont-O'Hare,01/03/2001,W,4153
40070,Jackson/Dearborn,01/03/2001,W,6482
40080,Sheridan,01/03/2001,W,4147
40090,Damen-Brown,01/03/2001,W,1905
40100,Morse,01/03/2001,W,4047
40120,35th/Archer,01/03/2001,W,1777
40130,51st,01/03/2001,W,1071
40140,Skokie,01/03/2001,W,2363
40150,Pulaski-Cermak,01/03/2001,W,397
40160,LaSalle/Van Buren,01/03/2001,W,3809
40170,Ashland-Lake,01/03/2001,W,1235
40180,Oak Park-Forest Park,01/03/2001,W,1282
40190,Sox-35th-Dan Ryan,01/03/2001,W,2843
40200,Randolph/Wabash,01/03/2001,W,5472
40210,Damen-Cermak,01/03/2001,W,613
40220,Western-Forest Park,01/03/2001,W,812
40230,Cumberland,01/03/2001,W,4436
40240,79th,01/03/2001,W,6694
40250,Kedzie-Homan-Forest Park,01/03/2001,W,1084
40260,State/Lake,01/03/2001,W,7781
40270,Main,01/03/2001,W,1139
40280,Central-Lake,01/03/2001,W,1763
40290,Ashland/63rd,01/03/2001,W,1592
40300,Indiana,01/03/2001,W,514
40310,Western-Orange,01/03/2001,W,2846
40320,Division/Milwaukee,01/03/2001,W,4029
40330,Grand/State,01/03/2001,W,8301
40340,Berwyn,01/03/2001,W,3114
40350,UIC-Halsted,01/03/2001,W,1945
40360,Southport,01/03/2001,W,2635
40370,Washington/Dearborn,01/03/2001,W,8257
40380,Clark/Lake,01/03/2001,W,14416
40390,Forest Park,01/03/2001,W,3241
40400,Noyes,01/03/2001,W,459
40420,Cicero-Cermak,01/03/2001,W,791
40430,Clinton-Forest Park,01/03/2001,W,2409
40440,California-Cermak,01/03/2001,W,677
40450,95th/Dan Ryan,01/03/2001,W,12824
40460,Merchandise Mart,01/03/2001,W,5766
40470,Racine,01/03/2001,W,1388
40480,Cicero-Lake,01/03/2001,W,1145
40490,Grand/Milwaukee,01/03/2001,W,1073
40500,Washington/State,01/03/2001,W,6783
40510,Garfield-South Elevated,01/03/2001,W,657
40520,Foster,01/03/2001,W,641
40530,Diversey,01/03/2001,W,4124
40540,Wilson,01/03/2001,W,4211
40550,Irving Park-O'Hare,01/03/2001,W,3519
40560,Jackson/State,01/03/2001,W,9608
40570,California/Milwaukee,01/03/2001,W,2617
40580,54th/Cermak,01/03/2001,W,1466
40590,Damen/Milwaukee,01/03/2001,W,3793
40600,Kostner,01/03/2001,W,269
40610,Ridgeland,01/03/2001,W,1222
40630,Clark/Division,01/03/2001,W,6012
40640,Madison/Wabash,01/03/2001,W,3523
40650,North/Clybourn,01/03/2001,W,3263
40660,Armitage,01/03/2001,W,2831
40670,Western/Milwaukee,01/03/2001,W,2601
40680,Adams/Wabash,01/03/2001,W,6149
40690,Dempster,01/03/2001,W,628
40700,Laramie,01/03/2001,W,1128
40710,Chicago/Franklin,01/03/2001,W,3797
40720,East 63rd-Cottage Grove,01/03/2001,W,1316
40730,Washington/Wells,01/03/2001,W,7321
40740,Western-Cermak,01/03/2001,W,457
40750,Harlem-O'Hare,01/03/2001,W,2443
40760,Granville,01/03/2001,W,2878
40770,Lawrence,01/03/2001,W,2441
40780,Central Park,01/03/2001,W,419
40790,Monroe/Dearborn,01/03/2001,W,5431
40800,Sedgwick,01/03/2001,W,1954
40810,Medical Center,01/03/2001,W,1628
40820,Rosemont,01/03/2001,W,4769
40830,18th,01/03/2001,W,881
40840,South Boulevard,01/03/2001,W,842
40850,Library,01/03/2001,W,2095
40870,Francisco,01/03/2001,W,986
40880,Thorndale,01/03/2001,W,2476
40890,O'Hare Airport,01/03/2001,W,8584
40900,Howard,01/03/2001,W,5814
40910,63rd-Dan Ryan,01/03/2001,W,3350
40920,Pulaski-Forest Park,01/03/2001,W,1060
40930,Midway Airport,01/03/2001,W,7448
40940,Halsted/63rd,01/03/2001,W,681
40960,Pulaski-Orange,01/03/2001,W,3922
40970,Cicero-Forest Park,01/03/2001,W,949
40980,Harlem-Forest Park,01/03/2001,W,727
40990,69th,01/03/2001,W,5977
41000,Cermak-Chinatown,01/03/2001,W,2114
41010,Rockwell,01/03/2001,W,1186
41020,Logan Square,01/03/2001,W,4366
41030,Polk,01/03/2001,W,2217
41040,Kedzie-Cermak,01/03/2001,W,380
41050,Linden,01/03/2001,W,993
41060,Ashland-Orange,01/03/2001,W,1091
41070,Kedzie-Lake,01/03/2001,W,943
41080,47th-South Elevated,01/03/2001,W,1216
41090,Monroe/State,01/03/2001,W,6922
41120,35-Bronzeville-IIT,01/03/2001,W,1357
41130,Halsted-Orange,01/03/2001,W,2029
41140,King Drive,01/03/2001,W,627
41150,Kedzie-Midway,01/03/2001,W,2588
41160,Clinton-Lake,01/03/2001,W,1733
41170,Garfield-Dan Ryan,01/03/2001,W,3977
41180,Kedzie-Brown,01/03/2001,W,1403
41190,Jarvis,01/03/2001,W,1345
41200,Argyle,01/03/2001,W,2569
41210,Wellington,01/03/2001,W,2449
41220,Fullerton,01/03/2001,W,7519
41230,47th-Dan Ryan,01/03/2001,W,1965
41240,Addison-O'Hare,01/03/2001,W,2095
41250,Central-Evanston,01/03/2001,W,865
41260,Austin-Lake,01/03/2001,W,1871
41270,43rd,01/03/2001,W,713
41280,Jefferson Park,01/03/2001,W,6171
41290,Kimball,01/03/2001,W,3480
41300,Loyola,01/03/2001,W,3781
41310,Paulina,01/03/2001,W,2004
41320,Belmont-North Main,01/03/2001,W,8253
41330,Montrose-O'Hare,01/03/2001,W,1786
41340,LaSalle,01/03/2001,W,2023
41350,Oak Park-Lake,01/03/2001,W,1333
41360,California-Lake,01/03/2001,W,660
41380,Bryn Mawr,01/03/2001,W,4063
41400,Roosevelt,01/03/2001,W,5243
41410,Chicago/Milwaukee,01/03/2001,W,1918
41420,Addison-North Main,01/03/2001,W,4329
41430,87th,01/03/2001,W,4782
41440,Addison-Brown,01/03/2001,W,1699
41450,Chicago/State,01/03/2001,W,11680
41460,Irving Park-Brown,01/03/2001,W,2124
41480,Western-Brown,01/03/2001,W,3272
41490,Harrison,01/03/2001,W,2495
41500,Montrose-Brown,01/03/2001,W,1888
41660,Lake/State,01/03/2001,W,12622
40010,Austin-Forest Park,01/04/2001,W,1388
40020,Harlem-Lake,01/04/2001,W,3259
40030,Pulaski-Lake,01/04/2001,W,1370
40040,Quincy/Wells,01/04/2001,W,8027
40050,Davis,01/04/2001,W,3540
40060,Belmont-O'Hare,01/04/2001,W,4362
40070,Jackson/Dearborn,01/04/2001,W,6766
40080,Sheridan,01/04/2001,W,4202
40090,Damen-Brown,01/04/2001,W,2008
40100,Morse,01/04/2001,W,4107
40120,35th/Archer,01/04/2001,W,1878
40130,51st,01/04/2001,W,994
40140,Skokie,01/04/2001,W,2379
40150,Pulaski-Cermak,01/04/2001,W,456
40160,LaSalle/Van Buren,01/04/2001,W,3820
40170,Ashland-Lake,01/04/2001,W,1343
40180,Oak Park-Forest Park,01/04/2001,W,1357
40190,Sox-35th-Dan Ryan,01/04/2001,W,3023
40200,Randolph/Wabash,01/04/2001,W,5503
40210,Damen-Cermak,01/04/2001,W,629
40220,Western-Forest Park,01/04/2001,W,774
40230,Cumberland,01/04/2001,W,4541
40240,79th,01/04/2001,W,7097
40250,Kedzie-Homan-Forest Park,01/04/2001,W,1106
40260,State/Lake,01/04/2001,W,7808
40270,Main,01/04/2001,W,1203
40280,Central-Lake,01/04/2001,W,2076
40290,Ashland/63rd,01/04/2001,W,1698
40300,Indiana,01/04/2001,W,474
40310,Western-Orange,01/04/2001,W,3086
40320,Division/Milwaukee,01/04/2001,W,4158
40330,Grand/State,01/04/2001,W,8543
40340,Berwyn,01/04/2001,W,3176
40350,UIC-Halsted,01/04/2001,W,2049
40360,Southport,01/04/2001,W,2672
40370,Washington/Dearborn,01/04/2001,W,8303
40380,Clark/Lake,01/04/2001,W,15118
40390,Forest Park,01/04/2001,W,3260
40400,Noyes,01/04/2001,W,482
40420,Cicero-Cermak,01/04/2001,W,820
40430,Clinton-Forest Park,01/04/2001,W,2398
40440,California-Cermak,01/04/2001,W,728
40450,95th/Dan Ryan,01/04/2001,W,13091
40460,Merchandise Mart,01/04/2001,W,5824
40470,Racine,01/04/2001,W,1574
40480,Cicero-Lake,01/04/2001,W,1222
40490,Grand/Milwaukee,01/04/2001,W,1106
40500,Washington/State,01/04/2001,W,6906
40510,Garfield-South Elevated,01/04/2001,W,697
40520,Foster,01/04/2001,W,720
40530,Diversey,01/04/2001,W,4151
40540,Wilson,01/04/2001,W,4132
40550,Irving Park-O'Hare,01/04/2001,W,3591
40560,Jackson/State,01/04/2001,W,9735
40570,California/Milwaukee,01/04/2001,W,2723
40580,54th/Cermak,01/04/2001,W,1530
40590,Damen/Milwaukee,01/04/2001,W,3944
40600,Kostner,01/04/2001,W,275
40610,Ridgeland,01/04/2001,W,1217
40630,Clark/Division,01/04/2001,W,6239
40640,Madison/Wabash,01/04/2001,W,3530
40650,North/Clybourn,01/04/2001,W,3345
40660,Armitage,01/04/2001,W,2938
40670,Western/Milwaukee,01/04/2001,W,2837
40680,Adams/Wabash,01/04/2001,W,6461
40690,Dempster,01/04/2001,W,617
40700,Laramie,01/04/2001,W,1189
40710,Chicago/Franklin,01/04/2001,W,3826
40720,East 63rd-Cottage Grove,01/04/2001,W,1358
40730,Washington/Wells,01/04/2001,W,7350
40740,Western-Cermak,01/04/2001,W,478
40750,Harlem-O'Hare,01/04/2001,W,2579
40760,Granville,01/04/2001,W,2875
40770,Lawrence,01/04/2001,W,2558
40780,Central Park,01/04/2001,W,411
40790,Monroe/Dearborn,01/04/2001,W,5604
40800,Sedgwick,01/04/2001,W,2047
40810,Medical Center,01/04/2001,W,1638
40820,Rosemont,01/04/2001,W,5003
40830,18th,01/04/2001,W,884
40840,South Boulevard,01/04/2001,W,827
40850,Library,01/04/2001,W,2223
40870,Francisco,01/04/2001,W,1026
40880,Thorndale,01/04/2001,W,2599
40890,O'Hare Airport,01/04/2001,W,8280
40900,Howard,01/04/2001,W,5876
40910,63rd-Dan Ryan,01/04/2001,W,3371
40920,Pulaski-Forest Park,01/04/2001,W,1058
40930,Midway Airport,01/04/2001,W,7257
40940,Halsted/63rd,01/04/2001,W,659
40960,Pulaski-Orange,01/04/2001,W,3204
40970,Cicero-Forest Park,01/04/2001,W,918
40980,Harlem-Forest Park,01/04/2001,W,773
40990,69th,01/04/2001,W,6206
41000,Cermak-Chinatown,01/04/2001,W,2168
41010,Rockwell,01/04/2001,W,1166
41020,Logan Square,01/04/2001,W,4405
41030,Polk,01/04/2001,W,2302
41040,Kedzie-Cermak,01/04/2001,W,366
41050,Linden,01/04/2001,W,1113
41060,Ashland-Orange,01/04/2001,W,1145
41070,Kedzie-Lake,01/04/2001,W,967
41080,47th-South Elevated,01/04/2001,W,1165
41090,Monroe/State,01/04/2001,W,7227
41120,35-Bronzeville-IIT,01/04/2001,W,1389
41130,Halsted-Orange,01/04/2001,W,2074
41140,King Drive,01/04/2001,W,705
41150,Kedzie-Midway,01/04/2001,W,2710
41160,Clinton-Lake,01/04/2001,W,1791
41170,Garfield-Dan Ryan,01/04/2001,W,4185
41180,Kedzie-Brown,01/04/2001,W,1379
41190,Jarvis,01/04/2001,W,1390
41200,Argyle,01/04/2001,W,2641
41210,Wellington,01/04/2001,W,2548
41220,Fullerton,01/04/2001,W,7919
41230,47th-Dan Ryan,01/04/2001,W,2130
41240,Addison-O'Hare,01/04/2001,W,2117
41250,Central-Evanston,01/04/2001,W,886
41260,Austin-Lake,01/04/2001,W,1951
41270,43rd,01/04/2001,W,695
41280,Jefferson Park,01/04/2001,W,6385
41290,Kimball,01/04/2001,W,3519
41300,Loyola,01/04/2001,W,3963
41310,Paulina,01/04/2001,W,1925
41320,Belmont-North Main,01/04/2001,W,8897
41330,Montrose-O'Hare,01/04/2001,W,1859
41340,LaSalle,01/04/2001,W,1991
41350,Oak Park-Lake,01/04/2001,W,1429
41360,California-Lake,01/04/2001,W,694
41380,Bryn Mawr,01/04/2001,W,4113
41400,Roosevelt,01/04/2001,W,5270
41410,Chicago/Milwaukee,01/04/2001,W,1962
41420,Addison-North Main,01/04/2001,W,4607
41430,87th,01/04/2001,W,5111
41440,Addison-Brown,01/04/2001,W,1717
41450,Chicago/State,01/04/2001,W,11883
41460,Irving Park-Brown,01/04/2001,W,2246
41480,Western-Brown,01/04/2001,W,3398
41490,Harrison,01/04/2001,W,2531
41500,Montrose-Brown,01/04/2001,W,1905
41660,Lake/State,01/04/2001,W,12936
40010,Austin-Forest Park,01/05/2001,W,1465
40020,Harlem-Lake,01/05/2001,W,3357
40030,Pulaski-Lake,01/05/2001,W,1453
40040,Quincy/Wells,01/05/2001,W,7653
40050,Davis,01/05/2001,W,3684
40060,Belmont-O'Hare,01/05/2001,W,4400
40070,Jackson/Dearborn,01/05/2001,W,6308
40080,Sheridan,01/05/2001,W,4404
40090,Damen-Brown,01/05/2001,W,2088
40100,Morse,01/05/2001,W,4381
40120,35th/Archer,01/05/2001,W,1825
40130,51st,01/05/2001,W,1068
40140,Skokie,01/05/2001,W,2334
40150,Pulaski-Cermak,01/05/2001,W,450
40160,LaSalle/Van Buren,01/05/2001,W,3547
40170,Ashland-Lake,01/05/2001,W,1216
40180,Oak Park-Forest Park,01/05/2001,W,1298
40190,Sox-35th-Dan Ryan,01/05/2001,W,3184
40200,Randolph/Wabash,01/05/2001,W,5529
40210,Damen-Cermak,01/05/2001,W,627
40220,Western-Forest Park,01/05/2001,W,860
40230,Cumberland,01/05/2001,W,4461
40240,79th,01/05/2001,W,7437
40250,Kedzie-Homan-Forest Park,01/05/2001,W,1232
40260,State/Lake,01/05/2001,W,7954
40270,Main,01/05/2001,W,1187
40280,Central-Lake,01/05/2001,W,2099
40290,Ashland/63rd,01/05/2001,W,1720
40300,Indiana,01/05/2001,W,551
40310,Western-Orange,01/05/2001,W,3073
40320,Division/Milwaukee,01/05/2001,W,4139
40330,Grand/State,01/05/2001,W,8871
40340,Berwyn,01/05/2001,W,3295
40350,UIC-Halsted,01/05/2001,W,2145
40360,Southport,01/05/2001,W,2795
40370,Washington/Dearborn,01/05/2001,W,8482
40380,Clark/Lake,01/05/2001,W,14980
40390,Forest Park,01/05/2001,W,3395
40400,Noyes,01/05/2001,W,534
40420,Cicero-Cermak,01/05/2001,W,892
40430,Clinton-Forest Park,01/05/2001,W,2389
40440,California-Cermak,01/05/2001,W,723
40450,95th/Dan Ryan,01/05/2001,W,13263
40460,Merchandise Mart,01/05/2001,W,5554
40470,Racine,01/05/2001,W,1510
40480,Cicero-Lake,01/05/2001,W,1157
40490,Grand/Milwaukee,01/05/2001,W,1129
40500,Washington/State,01/05/2001,W,6802
40510,Garfield-South Elevated,01/05/2001,W,770
40520,Foster,01/05/2001,W,683
40530,Diversey,01/05/2001,W,4288
40540,Wilson,01/05/2001,W,4144
40550,Irving Park-O'Hare,01/05/2001,W,3624
40560,Jackson/State,01/05/2001,W,9586
40570,California/Milwaukee,01/05/2001,W,2661
40580,54th/Cermak,01/05/2001,W,1554
40590,Damen/Milwaukee,01/05/2001,W,4020
40600,Kostner,01/05/2001,W,253
40610,Ridgeland,01/05/2001,W,1201
40630,Clark/Division,01/05/2001,W,6405
40640,Madison/Wabash,01/05/2001,W,3767
40650,North/Clybourn,01/05/2001,W,3491
40660,Armitage,01/05/2001,W,2846
40670,Western/Milwaukee,01/05/2001,W,2740
40680,Adams/Wabash,01/05/2001,W,6311
40690,Dempster,01/05/2001,W,679
40700,Laramie,01/05/2001,W,1223
40710,Chicago/Franklin,01/05/2001,W,3806
40720,East 63rd-Cottage Grove,01/05/2001,W,1387
40730,Washington/Wells,01/05/2001,W,6983
40740,Western-Cermak,01/05/2001,W,505
40750,Harlem-O'Hare,01/05/2001,W,2542
40760,Granville,01/05/2001,W,3028
40770,Lawrence,01/05/2001,W,2599
40780,Central Park,01/05/2001,W,419
40790,Monroe/Dearborn,01/05/2001,W,5541
40800,Sedgwick,01/05/2001,W,2092
40810,Medical Center,01/05/2001,W,1698
40820,Rosemont,01/05/2001,W,5336
40830,18th,01/05/2001,W,925
40840,South Boulevard,01/05/2001,W,843
40850,Library,01/05/2001,W,1961
40870,Francisco,01/05/2001,W,1056
40880,Thorndale,01/05/2001,W,2721
40890,O'Hare Airport,01/05/2001,W,8109
40900,Howard,01/05/2001,W,5955
40910,63rd-Dan Ryan,01/05/2001,W,3456
40920,Pulaski-Forest Park,01/05/2001,W,1209
40930,Midway Airport,01/05/2001,W,7265
40940,Halsted/63rd,01/05/2001,W,724
40960,Pulaski-Orange,01/05/2001,W,4036
40970,Cicero-Forest Park,01/05/2001,W,933
40980,Harlem-Forest Park,01/05/2001,W,768
40990,69th,01/05/2001,W,6436
41000,Cermak-Chinatown,01/05/2001,W,2421
41010,Rockwell,01/05/2001,W,1227
41020,Logan Square,01/05/2001,W,4649
41030,Polk,01/05/2001,W,2246
41040,Kedzie-Cermak,01/05/2001,W,399
41050,Linden,01/05/2001,W,1122
41060,Ashland-Orange,01/05/2001,W,1190
41070,Kedzie-Lake,01/05/2001,W,1008
41080,47th-South Elevated,01/05/2001,W,1349
41090,Monroe/State,01/05/2001,W,7271
41120,35-Bronzeville-IIT,01/05/2001,W,1478
41130,Halsted-Orange,01/05/2001,W,2129
41140,King Drive,01/05/2001,W,695
41150,Kedzie-Midway,01/05/2001,W,2682
41160,Clinton-Lake,01/05/2001,W,1634
41170,Garfield-Dan Ryan,01/05/2001,W,4533
41180,Kedzie-Brown,01/05/2001,W,1461
41190,Jarvis,01/05/2001,W,1510
41200,Argyle,01/05/2001,W,2638
41210,Wellington,01/05/2001,W,2466
41220,Fullerton,01/05/2001,W,8074
41230,47th-Dan Ryan,01/05/2001,W,2182
41240,Addison-O'Hare,01/05/2001,W,2106
41250,Central-Evanston,01/05/2001,W,847
41260,Austin-Lake,01/05/2001,W,1985
41270,43rd,01/05/2001,W,724
41280,Jefferson Park,01/05/2001,W,6334
41290,Kimball,01/05/2001,W,3730
41300,Loyola,01/05/2001,W,3967
41310,Paulina,01/05/2001,W,2067
41320,Belmont-North Main,01/05/2001,W,9639
41330,Montrose-O'Hare,01/05/2001,W,1819
41340,LaSalle,01/05/2001,W,1888
41350,Oak Park-Lake,01/05/2001,W,1375
41360,California-Lake,01/05/2001,W,805
41380,Bryn Mawr,01/05/2001,W,4189
41400,Roosevelt,01/05/2001,W,5184
41410,Chicago/Milwaukee,01/05/2001,W,1997
41420,Addison-North Main,01/05/2001,W,4666
41430,87th,01/05/2001,W,5266
41440,Addison-Brown,01/05/2001,W,1736
41450,Chicago/State,01/05/2001,W,12771
41460,Irving Park-Brown,01/05/2001,W,2362
41480,Western-Brown,01/05/2001,W,3346
41490,Harrison,01/05/2001,W,2202
41500,Montrose-Brown,01/05/2001,W,2049
41660,Lake/State,01/05/2001,W,13043
40010,Austin-Forest Park,01/06/2001,A,613
40020,Harlem-Lake,01/06/2001,A,1569
40030,Pulaski-Lake,01/06/2001,A,839
40040,Quincy/Wells,01/06/2001,A,844
40050,Davis,01/06/2001,A,2467
40060,Belmont-O'Hare,01/06/2001,A,2231
40070,Jackson/Dearborn,01/06/2001,A,1798
40080,Sheridan,01/06/2001,A,2545
40090,Damen-Brown,01/06/2001,A,1024
40100,Morse,01/06/2001,A,3021
40120,35th/Archer,01/06/2001,A,650
40130,51st,01/06/2001,A,599
40140,Skokie,01/06/2001,A,0
40150,Pulaski-Cermak,01/06/2001,A,4
40160,LaSalle/Van Buren,01/06/2001,A,310
40170,Ashland-Lake,01/06/2001,A,558
40180,Oak Park-Forest Park,01/06/2001,A,358
40190,Sox-35th-Dan Ryan,01/06/2001,A,1977
40200,Randolph/Wabash,01/06/2001,A,1885
40210,Damen-Cermak,01/06/2001,A,1
40220,Western-Forest Park,01/06/2001,A,654
40230,Cumberland,01/06/2001,A,1520
40240,79th,01/06/2001,A,4715
40250,Kedzie-Homan-Forest Park,01/06/2001,A,868
40260,State/Lake,01/06/2001,A,3662
40270,Main,01/06/2001,A,688
40280,Central-Lake,01/06/2001,A,1208
40290,Ashland/63rd,01/06/2001,A,862
40300,Indiana,01/06/2001,A,279
40310,Western-Orange,01/06/2001,A,994
40320,Division/Milwaukee,01/06/2001,A,1933
40330,Grand/State,01/06/2001,A,5234
40340,Berwyn,01/06/2001,A,1979
40350,UIC-Halsted,01/06/2001,A,729
40360,Southport,01/06/2001,A,964
40370,Washington/Dearborn,01/06/2001,A,2143
40380,Clark/Lake,01/06/2001,A,2267
40390,Forest Park,01/06/2001,A,1199
40400,Noyes,01/06/2001,A,336
40420,Cicero-Cermak,01/06/2001,A,3
40430,Clinton-Forest Park,01/06/2001,A,804
40440,California-Cermak,01/06/2001,A,1
40450,95th/Dan Ryan,01/06/2001,A,7284
40460,Merchandise Mart,01/06/2001,A,775
40470,Racine,01/06/2001,A,765
40480,Cicero-Lake,01/06/2001,A,709
40490,Grand/Milwaukee,01/06/2001,A,533
40500,Washington/State,01/06/2001,A,2582
40510,Garfield-South Elevated,01/06/2001,A,443
40520,Foster,01/06/2001,A,416
40530,Diversey,01/06/2001,A,1825
40540,Wilson,01/06/2001,A,2780
40550,Irving Park-O'Hare,01/06/2001,A,1582
40560,Jackson/State,01/06/2001,A,3411
40570,California/Milwaukee,01/06/2001,A,1355
40580,54th/Cermak,01/06/2001,A,4
40590,Damen/Milwaukee,01/06/2001,A,1735
40600,Kostner,01/06/2001,A,1
40610,Ridgeland,01/06/2001,A,372
40630,Clark/Division,01/06/2001,A,4631
40640,Madison/Wabash,01/06/2001,A,1093
40650,North/Clybourn,01/06/2001,A,2621
40660,Armitage,01/06/2001,A,1090
40670,Western/Milwaukee,01/06/2001,A,1270
40680,Adams/Wabash,01/06/2001,A,1979
40690,Dempster,01/06/2001,A,420
40700,Laramie,01/06/2001,A,657
40710,Chicago/Franklin,01/06/2001,A,1225
40720,East 63rd-Cottage Grove,01/06/2001,A,675
40730,Washington/Wells,01/06/2001,A,662
40740,Western-Cermak,01/06/2001,A,2
40750,Harlem-O'Hare,01/06/2001,A,1012
40760,Granville,01/06/2001,A,1932
40770,Lawrence,01/06/2001,A,1874
40780,Central Park,01/06/2001,A,2
40790,Monroe/Dearborn,01/06/2001,A,948
40800,Sedgwick,01/06/2001,A,936
40810,Medical Center,01/06/2001,A,965
40820,Rosemont,01/06/2001,A,1929
40830,18th,01/06/2001,A,2
40840,South Boulevard,01/06/2001,A,431
40850,Library,01/06/2001,A,598
40870,Francisco,01/06/2001,A,425
40880,Thorndale,01/06/2001,A,1790
40890,O'Hare Airport,01/06/2001,A,6109
40900,Howard,01/06/2001,A,3828
40910,63rd-Dan Ryan,01/06/2001,A,2437
40920,Pulaski-Forest Park,01/06/2001,A,845
40930,Midway Airport,01/06/2001,A,2536
40940,Halsted/63rd,01/06/2001,A,439
40960,Pulaski-Orange,01/06/2001,A,1183
40970,Cicero-Forest Park,01/06/2001,A,730
40980,Harlem-Forest Park,01/06/2001,A,379
40990,69th,01/06/2001,A,4497
41000,Cermak-Chinatown,01/06/2001,A,2167
41010,Rockwell,01/06/2001,A,523
41020,Logan Square,01/06/2001,A,2204
41030,Polk,01/06/2001,A,8
41040,Kedzie-Cermak,01/06/2001,A,0
41050,Linden,01/06/2001,A,406
41060,Ashland-Orange,01/06/2001,A,543
41070,Kedzie-Lake,01/06/2001,A,607
41080,47th-South Elevated,01/06/2001,A,754
41090,Monroe/State,01/06/2001,A,2410
41120,35-Bronzeville-IIT,01/06/2001,A,765
41130,Halsted-Orange,01/06/2001,A,689
41140,King Drive,01/06/2001,A,403
41150,Kedzie-Midway,01/06/2001,A,1142
41160,Clinton-Lake,01/06/2001,A,395
41170,Garfield-Dan Ryan,01/06/2001,A,3341
41180,Kedzie-Brown,01/06/2001,A,883
41190,Jarvis,01/06/2001,A,1072
41200,Argyle,01/06/2001,A,1805
41210,Wellington,01/06/2001,A,759
41220,Fullerton,01/06/2001,A,4535
41230,47th-Dan Ryan,01/06/2001,A,1613
41240,Addison-O'Hare,01/06/2001,A,846
41250,Central-Evanston,01/06/2001,A,468
41260,Austin-Lake,01/06/2001,A,855
41270,43rd,01/06/2001,A,411
41280,Jefferson Park,01/06/2001,A,2692
41290,Kimball,01/06/2001,A,2101
41300,Loyola,01/06/2001,A,2733
41310,Paulina,01/06/2001,A,966
41320,Belmont-North Main,01/06/2001,A,6733
41330,Montrose-O'Hare,01/06/2001,A,668
41340,LaSalle,01/06/2001,A,337
41350,Oak Park-Lake,01/06/2001,A,467
41360,California-Lake,01/06/2001,A,385
41380,Bryn Mawr,01/06/2001,A,2609
41400,Roosevelt,01/06/2001,A,3068
41410,Chicago/Milwaukee,01/06/2001,A,633
41420,Addison-North Main,01/06/2001,A,2710
41430,87th,01/06/2001,A,3010
41440,Addison-Brown,01/06/2001,A,613
41450,Chicago/State,01/06/2001,A,8718
41460,Irving Park-Brown,01/06/2001,A,962
41480,Western-Brown,01/06/2001,A,1656
41490,Harrison,01/06/2001,A,1214
41500,Montrose-Brown,01/06/2001,A,877
41660,Lake/State,01/06/2001,A,5444
40010,Austin-Forest Park,01/07/2001,U,403
40020,Harlem-Lake,01/07/2001,U,887
40030,Pulaski-Lake,01/07/2001,U,589
40040,Quincy/Wells,01/07/2001,U,464
40050,Davis,01/07/2001,U,1367
40060,Belmont-O'Hare,01/07/2001,U,1565
40070,Jackson/Dearborn,01/07/2001,U,1055
40080,Sheridan,01/07/2001,U,1823
40090,Damen-Brown,01/07/2001,U,561
40100,Morse,01/07/2001,U,2187
40120,35th/Archer,01/07/2001,U,380
40130,51st,01/07/2001,U,409
40140,Skokie,01/07/2001,U,0
40150,Pulaski-Cermak,01/07/2001,U,0
40160,LaSalle/Van Buren,01/07/2001,U,154
40170,Ashland-Lake,01/07/2001,U,339
40180,Oak Park-Forest Park,01/07/2001,U,205
40190,Sox-35th-Dan Ryan,01/07/2001,U,1515
40200,Randolph/Wabash,01/07/2001,U,923
40210,Damen-Cermak,01/07/2001,U,0
40220,Western-Forest Park,01/07/2001,U,414
40230,Cumberland,01/07/2001,U,1028
40240,79th,01/07/2001,U,3316
40250,Kedzie-Homan-Forest Park,01/07/2001,U,586
40260,State/Lake,01/07/2001,U,2483
40270,Main,01/07/2001,U,352
40280,Central-Lake,01/07/2001,U,856
40290,Ashland/63rd,01/07/2001,U,632
40300,Indiana,01/07/2001,U,242
40310,Western-Orange,01/07/2001,U,614
40320,Division/Milwaukee,01/07/2001,U,1290
40330,Grand/State,01/07/2001,U,3823
40340,Berwyn,01/07/2001,U,1502
40350,UIC-Halsted,01/07/2001,U,485
40360,Southport,01/07/2001,U,545
40370,Washington/Dearborn,01/07/2001,U,1399
40380,Clark/Lake,01/07/2001,U,1405
40390,Forest Park,01/07/2001,U,752
40400,Noyes,01/07/2001,U,180
40420,Cicero-Cermak,01/07/2001,U,0
40430,Clinton-Forest Park,01/07/2001,U,676
40440,California-Cermak,01/07/2001,U,0
40450,95th/Dan Ryan,01/07/2001,U,5134
40460,Merchandise Mart,01/07/2001,U,231
40470,Racine,01/07/2001,U,393
40480,Cicero-Lake,01/07/2001,U,486
40490,Grand/Milwaukee,01/07/2001,U,313
40500,Washington/State,01/07/2001,U,1498
40510,Garfield-South Elevated,01/07/2001,U,295
40520,Foster,01/07/2001,U,223
40530,Diversey,01/07/2001,U,925
40540,Wilson,01/07/2001,U,1913
40550,Irving Park-O'Hare,01/07/2001,U,1200
40560,Jackson/State,01/07/2001,U,1909
40570,California/Milwaukee,01/07/2001,U,884
40580,54th/Cermak,01/07/2001,U,0
40590,Damen/Milwaukee,01/07/2001,U,1229
40600,Kostner,01/07/2001,U,0
40610,Ridgeland,01/07/2001,U,195
40630,Clark/Division,01/07/2001,U,3355
40640,Madison/Wabash,01/07/2001,U,342
40650,North/Clybourn,01/07/2001,U,1802
40660,Armitage,01/07/2001,U,499
40670,Western/Milwaukee,01/07/2001,U,812
40680,Adams/Wabash,01/07/2001,U,943
40690,Dempster,01/07/2001,U,269
40700,Laramie,01/07/2001,U,378
40710,Chicago/Franklin,01/07/2001,U,554
40720,East 63rd-Cottage Grove,01/07/2001,U,474
40730,Washington/Wells,01/07/2001,U,307
40740,Western-Cermak,01/07/2001,U,0
40750,Harlem-O'Hare,01/07/2001,U,625
40760,Granville,01/07/2001,U,1529
40770,Lawrence,01/07/2001,U,1364
40780,Central Park,01/07/2001,U,0
40790,Monroe/Dearborn,01/07/2001,U,608
40800,Sedgwick,01/07/2001,U,554
40810,Medical Center,01/07/2001,U,689
40820,Rosemont,01/07/2001,U,1190
40830,18th,01/07/2001,U,0
40840,South Boulevard,01/07/2001,U,233
40850,Library,01/07/2001,U,239
40870,Francisco,01/07/2001,U,225
40880,Thorndale,01/07/2001,U,1326
40890,O'Hare Airport,01/07/2001,U,6438
40900,Howard,01/07/2001,U,2501
40910,63rd-Dan Ryan,01/07/2001,U,1815
40920,Pulaski-Forest Park,01/07/2001,U,641
40930,Midway Airport,01/07/2001,U,1806
40940,Halsted/63rd,01/07/2001,U,282
40960,Pulaski-Orange,01/07/2001,U,621
40970,Cicero-Forest Park,01/07/2001,U,487
40980,Harlem-Forest Park,01/07/2001,U,239
40990,69th,01/07/2001,U,3041
41000,Cermak-Chinatown,01/07/2001,U,1556
41010,Rockwell,01/07/2001,U,324
41020,Logan Square,01/07/2001,U,1521
41030,Polk,01/07/2001,U,0
41040,Kedzie-Cermak,01/07/2001,U,0
41050,Linden,01/07/2001,U,227
41060,Ashland-Orange,01/07/2001,U,304
41070,Kedzie-Lake,01/07/2001,U,385
41080,47th-South Elevated,01/07/2001,U,448
41090,Monroe/State,01/07/2001,U,1408
41120,35-Bronzeville-IIT,01/07/2001,U,460
41130,Halsted-Orange,01/07/2001,U,352
41140,King Drive,01/07/2001,U,243
41150,Kedzie-Midway,01/07/2001,U,599
41160,Clinton-Lake,01/07/2001,U,282
41170,Garfield-Dan Ryan,01/07/2001,U,1972
41180,Kedzie-Brown,01/07/2001,U,560
41190,Jarvis,01/07/2001,U,782
41200,Argyle,01/07/2001,U,1280
41210,Wellington,01/07/2001,U,416
41220,Fullerton,01/07/2001,U,3114
41230,47th-Dan Ryan,01/07/2001,U,1252
41240,Addison-O'Hare,01/07/2001,U,516
41250,Central-Evanston,01/07/2001,U,249
41260,Austin-Lake,01/07/2001,U,553
41270,43rd,01/07/2001,U,258
41280,Jefferson Park,01/07/2001,U,1856
41290,Kimball,01/07/2001,U,1200
41300,Loyola,01/07/2001,U,1884
41310,Paulina,01/07/2001,U,543
41320,Belmont-North Main,01/07/2001,U,4514
41330,Montrose-O'Hare,01/07/2001,U,485
41340,LaSalle,01/07/2001,U,184
41350,Oak Park-Lake,01/07/2001,U,296
41360,California-Lake,01/07/2001,U,252
41380,Bryn Mawr,01/07/2001,U,2003
41400,Roosevelt,01/07/2001,U,2112
41410,Chicago/Milwaukee,01/07/2001,U,429
41420,Addison-North Main,01/07/2001,U,1935
41430,87th,01/07/2001,U,2044
41440,Addison-Brown,01/07/2001,U,307
41450,Chicago/State,01/07/2001,U,5822
41460,Irving Park-Brown,01/07/2001,U,541
41480,Western-Brown,01/07/2001,U,1006
41490,Harrison,01/07/2001,U,822
41500,Montrose-Brown,01/07/2001,U,531
41660,Lake/State,01/07/2001,U,3579
40010,Austin-Forest Park,01/08/2001,W,1463
40020,Harlem-Lake,01/08/2001,W,3222
40030,Pulaski-Lake,01/08/2001,W,1500
40040,Quincy/Wells,01/08/2001,W,8371
40050,Davis,01/08/2001,W,3544
40060,Belmont-O'Hare,01/08/2001,W,4599
40070,Jackson/Dearborn,01/08/2001,W,7341
40080,Sheridan,01/08/2001,W,4527
40090,Damen-Brown,01/08/2001,W,2095
40100,Morse,01/08/2001,W,4411
40120,35th/Archer,01/08/2001,W,2009
40130,51st,01/08/2001,W,1174
40140,Skokie,01/08/2001,W,2522
40150,Pulaski-Cermak,01/08/2001,W,461
40160,LaSalle/Van Buren,01/08/2001,W,3780
40170,Ashland-Lake,01/08/2001,W,1460
40180,Oak Park-Forest Park,01/08/2001,W,1421
40190,Sox-35th-Dan Ryan,01/08/2001,W,3420
40200,Randolph/Wabash,01/08/2001,W,5616
40210,Damen-Cermak,01/08/2001,W,666
40220,Western-Forest Park,01/08/2001,W,945
40230,Cumberland,01/08/2001,W,4885
40240,79th,01/08/2001,W,7496
40250,Kedzie-Homan-Forest Park,01/08/2001,W,1280
40260,State/Lake,01/08/2001,W,8082
40270,Main,01/08/2001,W,1208
40280,Central-Lake,01/08/2001,W,2240
40290,Ashland/63rd,01/08/2001,W,1810
40300,Indiana,01/08/2001,W,573
40310,Western-Orange,01/08/2001,W,3319
40320,Division/Milwaukee,01/08/2001,W,4370
40330,Grand/State,01/08/2001,W,8221
40340,Berwyn,01/08/2001,W,3298
40350,UIC-Halsted,01/08/2001,W,4663
40360,Southport,01/08/2001,W,2691
40370,Washington/Dearborn,01/08/2001,W,8397
40380,Clark/Lake,01/08/2001,W,15561
40390,Forest Park,01/08/2001,W,3597
40400,Noyes,01/08/2001,W,549
40420,Cicero-Cermak,01/08/2001,W,845
40430,Clinton-Forest Park,01/08/2001,W,2403
40440,California-Cermak,01/08/2001,W,805
40450,95th/Dan Ryan,01/08/2001,W,14409
40460,Merchandise Mart,01/08/2001,W,6481
40470,Racine,01/08/2001,W,2528
40480,Cicero-Lake,01/08/2001,W,1321
40490,Grand/Milwaukee,01/08/2001,W,1132
40500,Washington/State,01/08/2001,W,6909
40510,Garfield-South Elevated,01/08/2001,W,695
40520,Foster,01/08/2001,W,708
40530,Diversey,01/08/2001,W,4380
40540,Wilson,01/08/2001,W,4603
40550,Irving Park-O'Hare,01/08/2001,W,3744
40560,Jackson/State,01/08/2001,W,12197
40570,California/Milwaukee,01/08/2001,W,2887
40580,54th/Cermak,01/08/2001,W,1546
40590,Damen/Milwaukee,01/08/2001,W,4098
40600,Kostner,01/08/2001,W,332
40610,Ridgeland,01/08/2001,W,1235
40630,Clark/Division,01/08/2001,W,6425
40640,Madison/Wabash,01/08/2001,W,3604
40650,North/Clybourn,01/08/2001,W,3572
40660,Armitage,01/08/2001,W,3517
40670,Western/Milwaukee,01/08/2001,W,2848
40680,Adams/Wabash,01/08/2001,W,7055
40690,Dempster,01/08/2001,W,622
40700,Laramie,01/08/2001,W,1312
40710,Chicago/Franklin,01/08/2001,W,4172
40720,East 63rd-Cottage Grove,01/08/2001,W,1433
40730,Washington/Wells,01/08/2001,W,7560
40740,Western-Cermak,01/08/2001,W,533
40750,Harlem-O'Hare,01/08/2001,W,2655
40760,Granville,01/08/2001,W,3057
40770,Lawrence,01/08/2001,W,2663
40780,Central Park,01/08/2001,W,471
40790,Monroe/Dearborn,01/08/2001,W,5672
40800,Sedgwick,01/08/2001,W,2146
40810,Medical Center,01/08/2001,W,2013
40820,Rosemont,01/08/2001,W,5048
40830,18th,01/08/2001,W,981
40840,South Boulevard,01/08/2001,W,887
40850,Library,01/08/2001,W,2614
40870,Francisco,01/08/2001,W,1084
40880,Thorndale,01/08/2001,W,2962
40890,O'Hare Airport,01/08/2001,W,7854
40900,Howard,01/08/2001,W,6150
40910,63rd-Dan Ryan,01/08/2001,W,3594
40920,Pulaski-Forest Park,01/08/2001,W,1195
40930,Midway Airport,01/08/2001,W,7653
40940,Halsted/63rd,01/08/2001,W,688
40960,Pulaski-Orange,01/08/2001,W,5496
40970,Cicero-Forest Park,01/08/2001,W,989
40980,Harlem-Forest Park,01/08/2001,W,793
40990,69th,01/08/2001,W,6889
41000,Cermak-Chinatown,01/08/2001,W,2244
41010,Rockwell,01/08/2001,W,1220
41020,Logan Square,01/08/2001,W,4669
41030,Polk,01/08/2001,W,2481
41040,Kedzie-Cermak,01/08/2001,W,452
41050,Linden,01/08/2001,W,1052
41060,Ashland-Orange,01/08/2001,W,1319
41070,Kedzie-Lake,01/08/2001,W,1065
41080,47th-South Elevated,01/08/2001,W,1259
41090,Monroe/State,01/08/2001,W,6877
41120,35-Bronzeville-IIT,01/08/2001,W,1661
41130,Halsted-Orange,01/08/2001,W,2479
41140,King Drive,01/08/2001,W,718
41150,Kedzie-Midway,01/08/2001,W,3013
41160,Clinton-Lake,01/08/2001,W,1809
41170,Garfield-Dan Ryan,01/08/2001,W,4590
41180,Kedzie-Brown,01/08/2001,W,1449
41190,Jarvis,01/08/2001,W,1454
41200,Argyle,01/08/2001,W,2763
41210,Wellington,01/08/2001,W,2606
41220,Fullerton,01/08/2001,W,10856
41230,47th-Dan Ryan,01/08/2001,W,2370
41240,Addison-O'Hare,01/08/2001,W,2500
41250,Central-Evanston,01/08/2001,W,963
41260,Austin-Lake,01/08/2001,W,1983
41270,43rd,01/08/2001,W,821
41280,Jefferson Park,01/08/2001,W,6595
41290,Kimball,01/08/2001,W,4059
41300,Loyola,01/08/2001,W,4306
41310,Paulina,01/08/2001,W,2028
41320,Belmont-North Main,01/08/2001,W,8922
41330,Montrose-O'Hare,01/08/2001,W,1836
41340,LaSalle,01/08/2001,W,2254
41350,Oak Park-Lake,01/08/2001,W,1419
41360,California-Lake,01/08/2001,W,756
41380,Bryn Mawr,01/08/2001,W,4444
41400,Roosevelt,01/08/2001,W,5809
41410,Chicago/Milwaukee,01/08/2001,W,2071
41420,Addison-North Main,01/08/2001,W,4785
41430,87th,01/08/2001,W,5464
41440,Addison-Brown,01/08/2001,W,1868
41450,Chicago/State,01/08/2001,W,11698
41460,Irving Park-Brown,01/08/2001,W,2402
41480,Western-Brown,01/08/2001,W,3609
41490,Harrison,01/08/2001,W,2903
41500,Montrose-Brown,01/08/2001,W,2001
41660,Lake/State,01/08/2001,W,13170
40010,Austin-Forest Park,01/09/2001,W,1505
40020,Harlem-Lake,01/09/2001,W,3281
40030,Pulaski-Lake,01/09/2001,W,1547
40040,Quincy/Wells,01/09/2001,W,8351
40050,Davis,01/09/2001,W,3612
40060,Belmont-O'Hare,01/09/2001,W,4725
40070,Jackson/Dearborn,01/09/2001,W,7537
40080,Sheridan,01/09/2001,W,4514
40090,Damen-Brown,01/09/2001,W,2185
40100,Morse,01/09/2001,W,4399
40120,35th/Archer,01/09/2001,W,2088
40130,51st,01/09/2001,W,1066
40140,Skokie,01/09/2001,W,2572
40150,Pulaski-Cermak,01/09/2001,W,483
40160,LaSalle/Van Buren,01/09/2001,W,3902
40170,Ashland-Lake,01/09/2001,W,1541
40180,Oak Park-Forest Park,01/09/2001,W,1429
40190,Sox-35th-Dan Ryan,01/09/2001,W,3499
40200,Randolph/Wabash,01/09/2001,W,5629
40210,Damen-Cermak,01/09/2001,W,643
40220,Western-Forest Park,01/09/2001,W,947
40230,Cumberland,01/09/2001,W,4947
40240,79th,01/09/2001,W,7586
40250,Kedzie-Homan-Forest Park,01/09/2001,W,1276
40260,State/Lake,01/09/2001,W,8063
40270,Main,01/09/2001,W,1246
40280,Central-Lake,01/09/2001,W,2335
40290,Ashland/63rd,01/09/2001,W,1825
40300,Indiana,01/09/2001,W,596
40310,Western-Orange,01/09/2001,W,3344
40320,Division/Milwaukee,01/09/2001,W,4476
40330,Grand/State,01/09/2001,W,8358
40340,Berwyn,01/09/2001,W,3385
40350,UIC-Halsted,01/09/2001,W,4676
40360,Southport,01/09/2001,W,2704
40370,Washington/Dearborn,01/09/2001,W,8452
40380,Clark/Lake,01/09/2001,W,15720
40390,Forest Park,01/09/2001,W,3672
40400,Noyes,01/09/2001,W,553
40420,Cicero-Cermak,01/09/2001,W,836
40430,Clinton-Forest Park,01/09/2001,W,2402
40440,California-Cermak,01/09/2001,W,821
40450,95th/Dan Ryan,01/09/2001,W,14679
40460,Merchandise Mart,01/09/2001,W,6477
40470,Racine,01/09/2001,W,2532
40480,Cicero-Lake,01/09/2001,W,1366
40490,Grand/Milwaukee,01/09/2001,W,1134
40500,Washington/State,01/09/2001,W,7123
40510,Garfield-South Elevated,01/09/2001,W,696
40520,Foster,01/09/2001,W,736
40530,Diversey,01/09/2001,W,4441
40540,Wilson,01/09/2001,W,4519
40550,Irving Park-O'Hare,01/09/2001,W,3853
40560,Jackson/State,01/09/2001,W,12008
40570,California/Milwaukee,01/09/2001,W,2863
40580,54th/Cermak,01/09/2001,W,1495
40590,Damen/Milwaukee,01/09/2001,W,4180
40600,Kostner,01/09/2001,W,337
40610,Ridgeland,01/09/2001,W,1303
40630,Clark/Division,01/09/2001,W,6630
40640,Madison/Wabash,01/09/2001,W,3832
40650,North/Clybourn,01/09/2001,W,3605
40660,Armitage,01/09/2001,W,3566
40670,Western/Milwaukee,01/09/2001,W,2959
40680,Adams/Wabash,01/09/2001,W,7619
40690,Dempster,01/09/2001,W,612
40700,Laramie,01/09/2001,W,1416
40710,Chicago/Franklin,01/09/2001,W,4248
40720,East 63rd-Cottage Grove,01/09/2001,W,1399
40730,Washington/Wells,01/09/2001,W,7576
40740,Western-Cermak,01/09/2001,W,505
40750,Harlem-O'Hare,01/09/2001,W,2760
40760,Granville,01/09/2001,W,3047
40770,Lawrence,01/09/2001,W,3093
40780,Central Park,01/09/2001,W,471
40790,Monroe/Dearborn,01/09/2001,W,6013
40800,Sedgwick,01/09/2001,W,2257
40810,Medical Center,01/09/2001,W,1826
40820,Rosemont,01/09/2001,W,5338
40830,18th,01/09/2001,W,979
40840,South Boulevard,01/09/2001,W,875
40850,Library,01/09/2001,W,2563
40870,Francisco,01/09/2001,W,1123
40880,Thorndale,01/09/2001,W,3104
40890,O'Hare Airport,01/09/2001,W,7518
40900,Howard,01/09/2001,W,6324
40910,63rd-Dan Ryan,01/09/2001,W,3768
40920,Pulaski-Forest Park,01/09/2001,W,1232
40930,Midway Airport,01/09/2001,W,7692
40940,Halsted/63rd,01/09/2001,W,682
40960,Pulaski-Orange,01/09/2001,W,5345
40970,Cicero-Forest Park,01/09/2001,W,986
40980,Harlem-Forest Park,01/09/2001,W,756
40990,69th,01/09/2001,W,6899
41000,Cermak-Chinatown,01/09/2001,W,2331
41010,Rockwell,01/09/2001,W,1302
41020,Logan Square,01/09/2001,W,4828
41030,Polk,01/09/2001,W,2436
41040,Kedzie-Cermak,01/09/2001,W,463
41050,Linden,01/09/2001,W,1094
41060,Ashland-Orange,01/09/2001,W,1314
41070,Kedzie-Lake,01/09/2001,W,1204
41080,47th-South Elevated,01/09/2001,W,1224
41090,Monroe/State,01/09/2001,W,7537
41120,35-Bronzeville-IIT,01/09/2001,W,1701
41130,Halsted-Orange,01/09/2001,W,2556
41140,King Drive,01/09/2001,W,690
41150,Kedzie-Midway,01/09/2001,W,3020
41160,Clinton-Lake,01/09/2001,W,1901
41170,Garfield-Dan Ryan,01/09/2001,W,4511
41180,Kedzie-Brown,01/09/2001,W,1417
41190,Jarvis,01/09/2001,W,1496
41200,Argyle,01/09/2001,W,2847
41210,Wellington,01/09/2001,W,2639
41220,Fullerton,01/09/2001,W,10857
41230,47th-Dan Ryan,01/09/2001,W,2322
41240,Addison-O'Hare,01/09/2001,W,2570
41250,Central-Evanston,01/09/2001,W,959
41260,Austin-Lake,01/09/2001,W,2048
41270,43rd,01/09/2001,W,791
41280,Jefferson Park,01/09/2001,W,6750
41290,Kimball,01/09/2001,W,4268
41300,Loyola,01/09/2001,W,4337
41310,Paulina,01/09/2001,W,2042
41320,Belmont-North Main,01/09/2001,W,9026
41330,Montrose-O'Hare,01/09/2001,W,1915
41340,LaSalle,01/09/2001,W,2369
41350,Oak Park-Lake,01/09/2001,W,1405
41360,California-Lake,01/09/2001,W,781
41380,Bryn Mawr,01/09/2001,W,4414
41400,Roosevelt,01/09/2001,W,5920
41410,Chicago/Milwaukee,01/09/2001,W,2163
41420,Addison-North Main,01/09/2001,W,4906
41430,87th,01/09/2001,W,5408
41440,Addison-Brown,01/09/2001,W,1889
41450,Chicago/State,01/09/2001,W,12226
41460,Irving Park-Brown,01/09/2001,W,2417
41480,Western-Brown,01/09/2001,W,3528
41490,Harrison,01/09/2001,W,2932
41500,Montrose-Brown,01/09/2001,W,2008
41660,Lake/State,01/09/2001,W,13156
40010,Austin-Forest Park,01/10/2001,W,1519
40020,Harlem-Lake,01/10/2001,W,3303
40030,Pulaski-Lake,01/10/2001,W,1521
40040,Quincy/Wells,01/10/2001,W,8359
40050,Davis,01/10/2001,W,3660
40060,Belmont-O'Hare,01/10/2001,W,4684
40070,Jackson/Dearborn,01/10/2001,W,7782
40080,Sheridan,01/10/2001,W,4588
40090,Damen-Brown,01/10/2001,W,2166
40100,Morse,01/10/2001,W,4474
40120,35th/Archer,01/10/2001,W,2108
40130,51st,01/10/2001,W,1132
40140,Skokie,01/10/2001,W,2616
40150,Pulaski-Cermak,01/10/2001,W,460
40160,LaSalle/Van Buren,01/10/2001,W,3804
40170,Ashland-Lake,01/10/2001,W,1423
40180,Oak Park-Forest Park,01/10/2001,W,1488
40190,Sox-35th-Dan Ryan,01/10/2001,W,3612
40200,Randolph/Wabash,01/10/2001,W,5644
40210,Damen-Cermak,01/10/2001,W,655
40220,Western-Forest Park,01/10/2001,W,968
40230,Cumberland,01/10/2001,W,5085
40240,79th,01/10/2001,W,7326
40250,Kedzie-Homan-Forest Park,01/10/2001,W,1350
40260,State/Lake,01/10/2001,W,8189
40270,Main,01/10/2001,W,1228
40280,Central-Lake,01/10/2001,W,2350
40290,Ashland/63rd,01/10/2001,W,1892
40300,Indiana,01/10/2001,W,602
40310,Western-Orange,01/10/2001,W,3363
40320,Division/Milwaukee,01/10/2001,W,4529
40330,Grand/State,01/10/2001,W,8549
40340,Berwyn,01/10/2001,W,3464
40350,UIC-Halsted,01/10/2001,W,4764
40360,Southport,01/10/2001,W,2754
40370,Washington/Dearborn,01/10/2001,W,8633
40380,Clark/Lake,01/10/2001,W,15558
40390,Forest Park,01/10/2001,W,3751
40400,Noyes,01/10/2001,W,532
40420,Cicero-Cermak,01/10/2001,W,864
40430,Clinton-Forest Park,01/10/2001,W,2367
40440,California-Cermak,01/10/2001,W,818
40450,95th/Dan Ryan,01/10/2001,W,14896
40460,Merchandise Mart,01/10/2001,W,6405
40470,Racine,01/10/2001,W,2416
40480,Cicero-Lake,01/10/2001,W,1326
40490,Grand/Milwaukee,01/10/2001,W,1148
40500,Washington/State,01/10/2001,W,6982
40510,Garfield-South Elevated,01/10/2001,W,756
40520,Foster,01/10/2001,W,674
40530,Diversey,01/10/2001,W,4433
40540,Wilson,01/10/2001,W,4564
40550,Irving Park-O'Hare,01/10/2001,W,3861
40560,Jackson/State,01/10/2001,W,12259
40570,California/Milwaukee,01/10/2001,W,2950
40580,54th/Cermak,01/10/2001,W,1537
40590,Damen/Milwaukee,01/10/2001,W,4239
40600,Kostner,01/10/2001,W,312
40610,Ridgeland,01/10/2001,W,1272
40630,Clark/Division,01/10/2001,W,6615
40640,Madison/Wabash,01/10/2001,W,3869
40650,North/Clybourn,01/10/2001,W,3624
40660,Armitage,01/10/2001,W,3582
40670,Western/Milwaukee,01/10/2001,W,3011
40680,Adams/Wabash,01/10/2001,W,7291
40690,Dempster,01/10/2001,W,666
40700,Laramie,01/10/2001,W,1309
40710,Chicago/Franklin,01/10/2001,W,4285
40720,East 63rd-Cottage Grove,01/10/2001,W,1419
40730,Washington/Wells,01/10/2001,W,7620
40740,Western-Cermak,01/10/2001,W,550
40750,Harlem-O'Hare,01/10/2001,W,2789
40760,Granville,01/10/2001,W,2965
40770,Lawrence,01/10/2001,W,2704
40780,Central Park,01/10/2001,W,433
40790,Monroe/Dearborn,01/10/2001,W,5786
40800,Sedgwick,01/10/2001,W,2175
40810,Medical Center,01/10/2001,W,1935
40820,Rosemont,01/10/2001,W,5378
40830,18th,01/10/2001,W,987
40840,South Boulevard,01/10/2001,W,932
40850,Library,01/10/2001,W,2593
40870,Francisco,01/10/2001,W,1090
40880,Thorndale,01/10/2001,W,3118
40890,O'Hare Airport,01/10/2001,W,7614
40900,Howard,01/10/2001,W,6432
40910,63rd-Dan Ryan,01/10/2001,W,3792
40920,Pulaski-Forest Park,01/10/2001,W,1239
40930,Midway Airport,01/10/2001,W,7525
40940,Halsted/63rd,01/10/2001,W,696
40960,Pulaski-Orange,01/10/2001,W,5551
40970,Cicero-Forest Park,01/10/2001,W,1043
40980,Harlem-Forest Park,01/10/2001,W,789
40990,69th,01/10/2001,W,7016
41000,Cermak-Chinatown,01/10/2001,W,2326
41010,Rockwell,01/10/2001,W,1291
41020,Logan Square,01/10/2001,W,4689
41030,Polk,01/10/2001,W,2526
41040,Kedzie-Cermak,01/10/2001,W,454
41050,Linden,01/10/2001,W,1086
41060,Ashland-Orange,01/10/2001,W,1324
41070,Kedzie-Lake,01/10/2001,W,1217
41080,47th-South Elevated,01/10/2001,W,1226
41090,Monroe/State,01/10/2001,W,7178
41120,35-Bronzeville-IIT,01/10/2001,W,1742
41130,Halsted-Orange,01/10/2001,W,2531
41140,King Drive,01/10/2001,W,688
41150,Kedzie-Midway,01/10/2001,W,2982
41160,Clinton-Lake,01/10/2001,W,1881
41170,Garfield-Dan Ryan,01/10/2001,W,4317
41180,Kedzie-Brown,01/10/2001,W,1444
41190,Jarvis,01/10/2001,W,1536
41200,Argyle,01/10/2001,W,2854
41210,Wellington,01/10/2001,W,2623
41220,Fullerton,01/10/2001,W,11079
41230,47th-Dan Ryan,01/10/2001,W,2401
41240,Addison-O'Hare,01/10/2001,W,2587
41250,Central-Evanston,01/10/2001,W,941
41260,Austin-Lake,01/10/2001,W,2057
41270,43rd,01/10/2001,W,754
41280,Jefferson Park,01/10/2001,W,6967
41290,Kimball,01/10/2001,W,4294
41300,Loyola,01/10/2001,W,4394
41310,Paulina,01/10/2001,W,2085
41320,Belmont-North Main,01/10/2001,W,8938
41330,Montrose-O'Hare,01/10/2001,W,1977
41340,LaSalle,01/10/2001,W,2326
41350,Oak Park-Lake,01/10/2001,W,1390
41360,California-Lake,01/10/2001,W,812
41380,Bryn Mawr,01/10/2001,W,4540
41400,Roosevelt,01/10/2001,W,6066
41410,Chicago/Milwaukee,01/10/2001,W,2177
41420,Addison-North Main,01/10/2001,W,4985
41430,87th,01/10/2001,W,5413
41440,Addison-Brown,01/10/2001,W,1895
41450,Chicago/State,01/10/2001,W,12206
41460,Irving Park-Brown,01/10/2001,W,2356
41480,Western-Brown,01/10/2001,W,3609
41490,Harrison,01/10/2001,W,3028
41500,Montrose-Brown,01/10/2001,W,2117
41660,Lake/State,01/10/2001,W,13103
40010,Austin-Forest Park,01/11/2001,W,1490
40020,Harlem-Lake,01/11/2001,W,3397
40030,Pulaski-Lake,01/11/2001,W,1568
40040,Quincy/Wells,01/11/2001,W,7852
40050,Davis,01/11/2001,W,3668
40060,Belmont-O'Hare,01/11/2001,W,4769
40070,Jackson/Dearborn,01/11/2001,W,7671
40080,Sheridan,01/11/2001,W,4573
40090,Damen-Brown,01/11/2001,W,2199
40100,Morse,01/11/2001,W,4531
40120,35th/Archer,01/11/2001,W,2166
40130,51st,01/11/2001,W,1214
40140,Skokie,01/11/2001,W,2605
40150,Pulaski-Cermak,01/11/2001,W,467
40160,LaSalle/Van Buren,01/11/2001,W,3778
40170,Ashland-Lake,01/11/2001,W,1531
40180,Oak Park-Forest Park,01/11/2001,W,1445
40190,Sox-35th-Dan Ryan,01/11/2001,W,3654
40200,Randolph/Wabash,01/11/2001,W,5754
40210,Damen-Cermak,01/11/2001,W,663
40220,Western-Forest Park,01/11/2001,W,1007
40230,Cumberland,01/11/2001,W,5024
40240,79th,01/11/2001,W,7505
40250,Kedzie-Homan-Forest Park,01/11/2001,W,1185
40260,State/Lake,01/11/2001,W,8219
40270,Main,01/11/2001,W,1258
40280,Central-Lake,01/11/2001,W,2283
40290,Ashland/63rd,01/11/2001,W,1773
40300,Indiana,01/11/2001,W,570
40310,Western-Orange,01/11/2001,W,3359
40320,Division/Milwaukee,01/11/2001,W,4520
40330,Grand/State,01/11/2001,W,8604
40340,Berwyn,01/11/2001,W,3327
40350,UIC-Halsted,01/11/2001,W,4731
40360,Southport,01/11/2001,W,2753
40370,Washington/Dearborn,01/11/2001,W,8699
40380,Clark/Lake,01/11/2001,W,15745
40390,Forest Park,01/11/2001,W,3646
40400,Noyes,01/11/2001,W,642
40420,Cicero-Cermak,01/11/2001,W,884
40430,Clinton-Forest Park,01/11/2001,W,2415
40440,California-Cermak,01/11/2001,W,798
40450,95th/Dan Ryan,01/11/2001,W,14975
40460,Merchandise Mart,01/11/2001,W,6489
40470,Racine,01/11/2001,W,2552
40480,Cicero-Lake,01/11/2001,W,1372
40490,Grand/Milwaukee,01/11/2001,W,1151
40500,Washington/State,01/11/2001,W,7035
40510,Garfield-South Elevated,01/11/2001,W,736
40520,Foster,01/11/2001,W,690
40530,Diversey,01/11/2001,W,4428
40540,Wilson,01/11/2001,W,4612
40550,Irving Park-O'Hare,01/11/2001,W,3843
40560,Jackson/State,01/11/2001,W,12356
40570,California/Milwaukee,01/11/2001,W,2968
40580,54th/Cermak,01/11/2001,W,1546
40590,Damen/Milwaukee,01/11/2001,W,4286
40600,Kostner,01/11/2001,W,304
40610,Ridgeland,01/11/2001,W,1364
40630,Clark/Division,01/11/2001,W,6846
40640,Madison/Wabash,01/11/2001,W,3739
40650,North/Clybourn,01/11/2001,W,3655
40660,Armitage,01/11/2001,W,3683
40670,Western/Milwaukee,01/11/2001,W,3035
40680,Adams/Wabash,01/11/2001,W,7602
40690,Dempster,01/11/2001,W,673
40700,Laramie,01/11/2001,W,1434
40710,Chicago/Franklin,01/11/2001,W,4222
40720,East 63rd-Cottage Grove,01/11/2001,W,1368
40730,Washington/Wells,01/11/2001,W,7364
40740,Western-Cermak,01/11/2001,W,539
40750,Harlem-O'Hare,01/11/2001,W,2812
40760,Granville,01/11/2001,W,3166
40770,Lawrence,01/11/2001,W,2858
40780,Central Park,01/11/2001,W,530
40790,Monroe/Dearborn,01/11/2001,W,5959
40800,Sedgwick,01/11/2001,W,2186
40810,Medical Center,01/11/2001,W,1951
40820,Rosemont,01/11/2001,W,5490
40830,18th,01/11/2001,W,1011
40840,South Boulevard,01/11/2001,W,834
40850,Library,01/11/2001,W,2622
40870,Francisco,01/11/2001,W,1118
40880,Thorndale,01/11/2001,W,3211
40890,O'Hare Airport,01/11/2001,W,7929
40900,Howard,01/11/2001,W,6343
40910,63rd-Dan Ryan,01/11/2001,W,3817
40920,Pulaski-Forest Park,01/11/2001,W,1164
40930,Midway Airport,01/11/2001,W,7709
40940,Halsted/63rd,01/11/2001,W,772
40960,Pulaski-Orange,01/11/2001,W,5588
40970,Cicero-Forest Park,01/11/2001,W,1086
40980,Harlem-Forest Park,01/11/2001,W,803
40990,69th,01/11/2001,W,7050
41000,Cermak-Chinatown,01/11/2001,W,2493
41010,Rockwell,01/11/2001,W,1323
41020,Logan Square,01/11/2001,W,4895
41030,Polk,01/11/2001,W,2450
41040,Kedzie-Cermak,01/11/2001,W,466
41050,Linden,01/11/2001,W,1163
41060,Ashland-Orange,01/11/2001,W,1350
41070,Kedzie-Lake,01/11/2001,W,1277
41080,47th-South Elevated,01/11/2001,W,1296
41090,Monroe/State,01/11/2001,W,7178
41120,35-Bronzeville-IIT,01/11/2001,W,1869
41130,Halsted-Orange,01/11/2001,W,2536
41140,King Drive,01/11/2001,W,737
41150,Kedzie-Midway,01/11/2001,W,3013
41160,Clinton-Lake,01/11/2001,W,1881
41170,Garfield-Dan Ryan,01/11/2001,W,4753
41180,Kedzie-Brown,01/11/2001,W,1458
41190,Jarvis,01/11/2001,W,1575
41200,Argyle,01/11/2001,W,2746
41210,Wellington,01/11/2001,W,2651
41220,Fullerton,01/11/2001,W,11011
41230,47th-Dan Ryan,01/11/2001,W,2398
41240,Addison-O'Hare,01/11/2001,W,2528
41250,Central-Evanston,01/11/2001,W,912
41260,Austin-Lake,01/11/2001,W,2064
41270,43rd,01/11/2001,W,838
41280,Jefferson Park,01/11/2001,W,7013
41290,Kimball,01/11/2001,W,4262
41300,Loyola,01/11/2001,W,4517
41310,Paulina,01/11/2001,W,2190
41320,Belmont-North Main,01/11/2001,W,9287
41330,Montrose-O'Hare,01/11/2001,W,1979
41340,LaSalle,01/11/2001,W,2386
41350,Oak Park-Lake,01/11/2001,W,1389
41360,California-Lake,01/11/2001,W,776
41380,Bryn Mawr,01/11/2001,W,4505
41400,Roosevelt,01/11/2001,W,5831
41410,Chicago/Milwaukee,01/11/2001,W,2188
41420,Addison-North Main,01/11/2001,W,5069
41430,87th,01/11/2001,W,5598
41440,Addison-Brown,01/11/2001,W,1905
41450,Chicago/State,01/11/2001,W,12452
41460,Irving Park-Brown,01/11/2001,W,2436
41480,Western-Brown,01/11/2001,W,3618
41490,Harrison,01/11/2001,W,2932
41500,Montrose-Brown,01/11/2001,W,2045
41660,Lake/State,01/11/2001,W,13295
40010,Austin-Forest Park,01/12/2001,W,1496
40020,Harlem-Lake,01/12/2001,W,3385
40030,Pulaski-Lake,01/12/2001,W,1598
40040,Quincy/Wells,01/12/2001,W,7621
40050,Davis,01/12/2001,W,3891
40060,Belmont-O'Hare,01/12/2001,W,4720
40070,Jackson/Dearborn,01/12/2001,W,6847
40080,Sheridan,01/12/2001,W,4689
40090,Damen-Brown,01/12/2001,W,2206
40100,Morse,01/12/2001,W,4767
40120,35th/Archer,01/12/2001,W,2058
40130,51st,01/12/2001,W,1196
40140,Skokie,01/12/2001,W,2486
40150,Pulaski-Cermak,01/12/2001,W,472
40160,LaSalle/Van Buren,01/12/2001,W,3414
40170,Ashland-Lake,01/12/2001,W,1420
40180,Oak Park-Forest Park,01/12/2001,W,1415
40190,Sox-35th-Dan Ryan,01/12/2001,W,3893
40200,Randolph/Wabash,01/12/2001,W,5491
40210,Damen-Cermak,01/12/2001,W,697
40220,Western-Forest Park,01/12/2001,W,1079
40230,Cumberland,01/12/2001,W,4764
40240,79th,01/12/2001,W,8031
40250,Kedzie-Homan-Forest Park,01/12/2001,W,1318
40260,State/Lake,01/12/2001,W,8386
40270,Main,01/12/2001,W,1220
40280,Central-Lake,01/12/2001,W,2411
40290,Ashland/63rd,01/12/2001,W,1883
40300,Indiana,01/12/2001,W,619
40310,Western-Orange,01/12/2001,W,3271
40320,Division/Milwaukee,01/12/2001,W,4533
40330,Grand/State,01/12/2001,W,8715
40340,Berwyn,01/12/2001,W,3467
40350,UIC-Halsted,01/12/2001,W,4358
40360,Southport,01/12/2001,W,2769
40370,Washington/Dearborn,01/12/2001,W,8362
40380,Clark/Lake,01/12/2001,W,15602
40390,Forest Park,01/12/2001,W,3563
40400,Noyes,01/12/2001,W,649
40420,Cicero-Cermak,01/12/2001,W,871
40430,Clinton-Forest Park,01/12/2001,W,2416
40440,California-Cermak,01/12/2001,W,819
40450,95th/Dan Ryan,01/12/2001,W,15125
40460,Merchandise Mart,01/12/2001,W,5798
40470,Racine,01/12/2001,W,2528
40480,Cicero-Lake,01/12/2001,W,1341
40490,Grand/Milwaukee,01/12/2001,W,1202
40500,Washington/State,01/12/2001,W,7002
40510,Garfield-South Elevated,01/12/2001,W,706
40520,Foster,01/12/2001,W,719
40530,Diversey,01/12/2001,W,4484
40540,Wilson,01/12/2001,W,4583
40550,Irving Park-O'Hare,01/12/2001,W,3878
40560,Jackson/State,01/12/2001,W,10415
40570,California/Milwaukee,01/12/2001,W,2985
40580,54th/Cermak,01/12/2001,W,1648
40590,Damen/Milwaukee,01/12/2001,W,4330
40600,Kostner,01/12/2001,W,320
40610,Ridgeland,01/12/2001,W,1268
40630,Clark/Division,01/12/2001,W,6955
40640,Madison/Wabash,01/12/2001,W,3876
40650,North/Clybourn,01/12/2001,W,3692
40660,Armitage,01/12/2001,W,3495
40670,Western/Milwaukee,01/12/2001,W,3027
40680,Adams/Wabash,01/12/2001,W,6829
40690,Dempster,01/12/2001,W,693
40700,Laramie,01/12/2001,W,1403
40710,Chicago/Franklin,01/12/2001,W,4209
40720,East 63rd-Cottage Grove,01/12/2001,W,1491
40730,Washington/Wells,01/12/2001,W,7089
40740,Western-Cermak,01/12/2001,W,508
40750,Harlem-O'Hare,01/12/2001,W,2732
40760,Granville,01/12/2001,W,3204
40770,Lawrence,01/12/2001,W,2856
40780,Central Park,01/12/2001,W,485
40790,Monroe/Dearborn,01/12/2001,W,5769
40800,Sedgwick,01/12/2001,W,2309
40810,Medical Center,01/12/2001,W,1875
40820,Rosemont,01/12/2001,W,5256
40830,18th,01/12/2001,W,991
40840,South Boulevard,01/12/2001,W,858
40850,Library,01/12/2001,W,2105
40870,Francisco,01/12/2001,W,1133
40880,Thorndale,01/12/2001,W,3151
40890,O'Hare Airport,01/12/2001,W,8674
40900,Howard,01/12/2001,W,6629
40910,63rd-Dan Ryan,01/12/2001,W,3944
40920,Pulaski-Forest Park,01/12/2001,W,1250
40930,Midway Airport,01/12/2001,W,8250
40940,Halsted/63rd,01/12/2001,W,790
40960,Pulaski-Orange,01/12/2001,W,5415
40970,Cicero-Forest Park,01/12/2001,W,1071
40980,Harlem-Forest Park,01/12/2001,W,845
40990,69th,01/12/2001,W,7350
41000,Cermak-Chinatown,01/12/2001,W,2672
41010,Rockwell,01/12/2001,W,1299
41020,Logan Square,01/12/2001,W,4771
41030,Polk,01/12/2001,W,2573
41040,Kedzie-Cermak,01/12/2001,W,481
41050,Linden,01/12/2001,W,1112
41060,Ashland-Orange,01/12/2001,W,1355
41070,Kedzie-Lake,01/12/2001,W,1379
41080,47th-South Elevated,01/12/2001,W,1349
41090,Monroe/State,01/12/2001,W,7370
41120,35-Bronzeville-IIT,01/12/2001,W,1909
41130,Halsted-Orange,01/12/2001,W,2539
41140,King Drive,01/12/2001,W,761
41150,Kedzie-Midway,01/12/2001,W,3085
41160,Clinton-Lake,01/12/2001,W,1789
41170,Garfield-Dan Ryan,01/12/2001,W,5094
41180,Kedzie-Brown,01/12/2001,W,1468
41190,Jarvis,01/12/2001,W,1623
41200,Argyle,01/12/2001,W,2877
41210,Wellington,01/12/2001,W,2463
41220,Fullerton,01/12/2001,W,10812
41230,47th-Dan Ryan,01/12/2001,W,2603
41240,Addison-O'Hare,01/12/2001,W,2557
41250,Central-Evanston,01/12/2001,W,934
41260,Austin-Lake,01/12/2001,W,1996
41270,43rd,01/12/2001,W,817
41280,Jefferson Park,01/12/2001,W,6922
41290,Kimball,01/12/2001,W,4183
41300,Loyola,01/12/2001,W,4680
41310,Paulina,01/12/2001,W,2081
41320,Belmont-North Main,01/12/2001,W,9787
41330,Montrose-O'Hare,01/12/2001,W,1953
41340,LaSalle,01/12/2001,W,2323
41350,Oak Park-Lake,01/12/2001,W,1333
41360,California-Lake,01/12/2001,W,789
41380,Bryn Mawr,01/12/2001,W,4651
41400,Roosevelt,01/12/2001,W,5809
41410,Chicago/Milwaukee,01/12/2001,W,2208
41420,Addison-North Main,01/12/2001,W,5180
41430,87th,01/12/2001,W,5840
41440,Addison-Brown,01/12/2001,W,1864
41450,Chicago/State,01/12/2001,W,13195
41460,Irving Park-Brown,01/12/2001,W,2447
41480,Western-Brown,01/12/2001,W,3500
41490,Harrison,01/12/2001,W,2394
41500,Montrose-Brown,01/12/2001,W,2096
41660,Lake/State,01/12/2001,W,13140
40010,Austin-Forest Park,01/13/2001,A,693
40020,Harlem-Lake,01/13/2001,A,1610
40030,Pulaski-Lake,01/13/2001,A,889
40040,Quincy/Wells,01/13/2001,A,911
40050,Davis,01/13/2001,A,2704
40060,Belmont-O'Hare,01/13/2001,A,2274
40070,Jackson/Dearborn,01/13/2001,A,1954
40080,Sheridan,01/13/2001,A,2733
40090,Damen-Brown,01/13/2001,A,994
40100,Morse,01/13/2001,A,3023
40120,35th/Archer,01/13/2001,A,624
40130,51st,01/13/2001,A,713
40140,Skokie,01/13/2001,A,0
40150,Pulaski-Cermak,01/13/2001,A,0
40160,LaSalle/Van Buren,01/13/2001,A,284
40170,Ashland-Lake,01/13/2001,A,526
40180,Oak Park-Forest Park,01/13/2001,A,426
40190,Sox-35th-Dan Ryan,01/13/2001,A,2139
40200,Randolph/Wabash,01/13/2001,A,1873
40210,Damen-Cermak,01/13/2001,A,0
40220,Western-Forest Park,01/13/2001,A,717
40230,Cumberland,01/13/2001,A,1612
40240,79th,01/13/2001,A,4683
40250,Kedzie-Homan-Forest Park,01/13/2001,A,866
40260,State/Lake,01/13/2001,A,3806
40270,Main,01/13/2001,A,626
40280,Central-Lake,01/13/2001,A,1353
40290,Ashland/63rd,01/13/2001,A,979
40300,Indiana,01/13/2001,A,330
40310,Western-Orange,01/13/2001,A,1111
40320,Division/Milwaukee,01/13/2001,A,2004
40330,Grand/State,01/13/2001,A,5659
40340,Berwyn,01/13/2001,A,2032
40350,UIC-Halsted,01/13/2001,A,920
40360,Southport,01/13/2001,A,1049
40370,Washington/Dearborn,01/13/2001,A,2294
40380,Clark/Lake,01/13/2001,A,2413
40390,Forest Park,01/13/2001,A,1242
40400,Noyes,01/13/2001,A,458
40420,Cicero-Cermak,01/13/2001,A,7
40430,Clinton-Forest Park,01/13/2001,A,814
40440,California-Cermak,01/13/2001,A,2
40450,95th/Dan Ryan,01/13/2001,A,7853
40460,Merchandise Mart,01/13/2001,A,858
40470,Racine,01/13/2001,A,862
40480,Cicero-Lake,01/13/2001,A,703
40490,Grand/Milwaukee,01/13/2001,A,484
40500,Washington/State,01/13/2001,A,2800
40510,Garfield-South Elevated,01/13/2001,A,522
40520,Foster,01/13/2001,A,455
40530,Diversey,01/13/2001,A,1922
40540,Wilson,01/13/2001,A,2936
40550,Irving Park-O'Hare,01/13/2001,A,1735
40560,Jackson/State,01/13/2001,A,3799
40570,California/Milwaukee,01/13/2001,A,1476
40580,54th/Cermak,01/13/2001,A,6
40590,Damen/Milwaukee,01/13/2001,A,1886
40600,Kostner,01/13/2001,A,0
40610,Ridgeland,01/13/2001,A,374
40630,Clark/Division,01/13/2001,A,4881
40640,Madison/Wabash,01/13/2001,A,1198
40650,North/Clybourn,01/13/2001,A,2735
40660,Armitage,01/13/2001,A,1028
40670,Western/Milwaukee,01/13/2001,A,1392
40680,Adams/Wabash,01/13/2001,A,2215
40690,Dempster,01/13/2001,A,434
40700,Laramie,01/13/2001,A,694
40710,Chicago/Franklin,01/13/2001,A,1375
40720,East 63rd-Cottage Grove,01/13/2001,A,722
40730,Washington/Wells,01/13/2001,A,786
40740,Western-Cermak,01/13/2001,A,0
40750,Harlem-O'Hare,01/13/2001,A,1034
40760,Granville,01/13/2001,A,2024
40770,Lawrence,01/13/2001,A,1861
40780,Central Park,01/13/2001,A,0
40790,Monroe/Dearborn,01/13/2001,A,1044
40800,Sedgwick,01/13/2001,A,1102
40810,Medical Center,01/13/2001,A,1040
40820,Rosemont,01/13/2001,A,1888
40830,18th,01/13/2001,A,9
40840,South Boulevard,01/13/2001,A,396
40850,Library,01/13/2001,A,734
40870,Francisco,01/13/2001,A,456
40880,Thorndale,01/13/2001,A,1856
40890,O'Hare Airport,01/13/2001,A,6127
40900,Howard,01/13/2001,A,3840
40910,63rd-Dan Ryan,01/13/2001,A,2530
40920,Pulaski-Forest Park,01/13/2001,A,866
40930,Midway Airport,01/13/2001,A,2592
40940,Halsted/63rd,01/13/2001,A,443
40960,Pulaski-Orange,01/13/2001,A,1287
40970,Cicero-Forest Park,01/13/2001,A,769
40980,Harlem-Forest Park,01/13/2001,A,426
40990,69th,01/13/2001,A,4539
41000,Cermak-Chinatown,01/13/2001,A,2435
41010,Rockwell,01/13/2001,A,537
41020,Logan Square,01/13/2001,A,2324
41030,Polk,01/13/2001,A,6
41040,Kedzie-Cermak,01/13/2001,A,0
41050,Linden,01/13/2001,A,421
41060,Ashland-Orange,01/13/2001,A,566
41070,Kedzie-Lake,01/13/2001,A,638
41080,47th-South Elevated,01/13/2001,A,743
41090,Monroe/State,01/13/2001,A,2590
41120,35-Bronzeville-IIT,01/13/2001,A,831
41130,Halsted-Orange,01/13/2001,A,684
41140,King Drive,01/13/2001,A,408
41150,Kedzie-Midway,01/13/2001,A,1130
41160,Clinton-Lake,01/13/2001,A,410
41170,Garfield-Dan Ryan,01/13/2001,A,3179
41180,Kedzie-Brown,01/13/2001,A,907
41190,Jarvis,01/13/2001,A,1056
41200,Argyle,01/13/2001,A,1943
41210,Wellington,01/13/2001,A,734
41220,Fullerton,01/13/2001,A,5668
41230,47th-Dan Ryan,01/13/2001,A,1662
41240,Addison-O'Hare,01/13/2001,A,800
41250,Central-Evanston,01/13/2001,A,461
41260,Austin-Lake,01/13/2001,A,964
41270,43rd,01/13/2001,A,441
41280,Jefferson Park,01/13/2001,A,2765
41290,Kimball,01/13/2001,A,2116
41300,Loyola,01/13/2001,A,2983
41310,Paulina,01/13/2001,A,951
41320,Belmont-North Main,01/13/2001,A,7031
41330,Montrose-O'Hare,01/13/2001,A,772
41340,LaSalle,01/13/2001,A,358
41350,Oak Park-Lake,01/13/2001,A,508
41360,California-Lake,01/13/2001,A,370
41380,Bryn Mawr,01/13/2001,A,2740
41400,Roosevelt,01/13/2001,A,3370
41410,Chicago/Milwaukee,01/13/2001,A,661
41420,Addison-North Main,01/13/2001,A,3079
41430,87th,01/13/2001,A,3421
41440,Addison-Brown,01/13/2001,A,662
41450,Chicago/State,01/13/2001,A,9386
41460,Irving Park-Brown,01/13/2001,A,953
41480,Western-Brown,01/13/2001,A,1646
41490,Harrison,01/13/2001,A,1367
41500,Montrose-Brown,01/13/2001,A,912
41660,Lake/State,01/13/2001,A,5605
40010,Austin-Forest Park,01/14/2001,U,408
40020,Harlem-Lake,01/14/2001,U,882
40030,Pulaski-Lake,01/14/2001,U,601
40040,Quincy/Wells,01/14/2001,U,414
40050,Davis,01/14/2001,U,1468
40060,Belmont-O'Hare,01/14/2001,U,1631
40070,Jackson/Dearborn,01/14/2001,U,978
40080,Sheridan,01/14/2001,U,1843
40090,Damen-Brown,01/14/2001,U,565
40100,Morse,01/14/2001,U,2195
40120,35th/Archer,01/14/2001,U,378
40130,51st,01/14/2001,U,507
40140,Skokie,01/14/2001,U,0
40150,Pulaski-Cermak,01/14/2001,U,0
40160,LaSalle/Van Buren,01/14/2001,U,120
40170,Ashland-Lake,01/14/2001,U,346
40180,Oak Park-Forest Park,01/14/2001,U,225
40190,Sox-35th-Dan Ryan,01/14/2001,U,1605
40200,Randolph/Wabash,01/14/2001,U,887
40210,Damen-Cermak,01/14/2001,U,0
40220,Western-Forest Park,01/14/2001,U,361
40230,Cumberland,01/14/2001,U,1063
40240,79th,01/14/2001,U,3429
40250,Kedzie-Homan-Forest Park,01/14/2001,U,540
40260,State/Lake,01/14/2001,U,2518
40270,Main,01/14/2001,U,397
40280,Central-Lake,01/14/2001,U,835
40290,Ashland/63rd,01/14/2001,U,682
40300,Indiana,01/14/2001,U,231
40310,Western-Orange,01/14/2001,U,567
40320,Division/Milwaukee,01/14/2001,U,1342
40330,Grand/State,01/14/2001,U,3995
40340,Berwyn,01/14/2001,U,1629
40350,UIC-Halsted,01/14/2001,U,578
40360,Southport,01/14/2001,U,539
40370,Washington/Dearborn,01/14/2001,U,1154
40380,Clark/Lake,01/14/2001,U,1374
40390,Forest Park,01/14/2001,U,750
40400,Noyes,01/14/2001,U,238
40420,Cicero-Cermak,01/14/2001,U,0
40430,Clinton-Forest Park,01/14/2001,U,583
40440,California-Cermak,01/14/2001,U,0
40450,95th/Dan Ryan,01/14/2001,U,5336
40460,Merchandise Mart,01/14/2001,U,268
40470,Racine,01/14/2001,U,408
40480,Cicero-Lake,01/14/2001,U,470
40490,Grand/Milwaukee,01/14/2001,U,370
40500,Washington/State,01/14/2001,U,1444
40510,Garfield-South Elevated,01/14/2001,U,319
40520,Foster,01/14/2001,U,244
40530,Diversey,01/14/2001,U,906
40540,Wilson,01/14/2001,U,2046
40550,Irving Park-O'Hare,01/14/2001,U,1164
40560,Jackson/State,01/14/2001,U,2058
40570,California/Milwaukee,01/14/2001,U,841
40580,54th/Cermak,01/14/2001,U,0
40590,Damen/Milwaukee,01/14/2001,U,1143
40600,Kostner,01/14/2001,U,0
40610,Ridgeland,01/14/2001,U,193
40630,Clark/Division,01/14/2001,U,3440
40640,Madison/Wabash,01/14/2001,U,427
40650,North/Clybourn,01/14/2001,U,2057
40660,Armitage,01/14/2001,U,503
40670,Western/Milwaukee,01/14/2001,U,825
40680,Adams/Wabash,01/14/2001,U,1042
40690,Dempster,01/14/2001,U,271
40700,Laramie,01/14/2001,U,374
40710,Chicago/Franklin,01/14/2001,U,609
40720,East 63rd-Cottage Grove,01/14/2001,U,450
40730,Washington/Wells,01/14/2001,U,298
40740,Western-Cermak,01/14/2001,U,0
40750,Harlem-O'Hare,01/14/2001,U,642
40760,Granville,01/14/2001,U,1588
40770,Lawrence,01/14/2001,U,1344
40780,Central Park,01/14/2001,U,0
40790,Monroe/Dearborn,01/14/2001,U,530
40800,Sedgwick,01/14/2001,U,495
40810,Medical Center,01/14/2001,U,724
40820,Rosemont,01/14/2001,U,1198
40830,18th,01/14/2001,U,0
40840,South Boulevard,01/14/2001,U,205
40850,Library,01/14/2001,U,259
40870,Francisco,01/14/2001,U,282
40880,Thorndale,01/14/2001,U,1381
40890,O'Hare Airport,01/14/2001,U,5861
40900,Howard,01/14/2001,U,2487
40910,63rd-Dan Ryan,01/14/2001,U,2059
40920,Pulaski-Forest Park,01/14/2001,U,560
40930,Midway Airport,01/14/2001,U,2019
40940,Halsted/63rd,01/14/2001,U,264
40960,Pulaski-Orange,01/14/2001,U,616
40970,Cicero-Forest Park,01/14/2001,U,462
40980,Harlem-Forest Park,01/14/2001,U,257
40990,69th,01/14/2001,U,3078
41000,Cermak-Chinatown,01/14/2001,U,1897
41010,Rockwell,01/14/2001,U,315
41020,Logan Square,01/14/2001,U,1542
41030,Polk,01/14/2001,U,0
41040,Kedzie-Cermak,01/14/2001,U,0
41050,Linden,01/14/2001,U,218
41060,Ashland-Orange,01/14/2001,U,347
41070,Kedzie-Lake,01/14/2001,U,450
41080,47th-South Elevated,01/14/2001,U,471
41090,Monroe/State,01/14/2001,U,1338
41120,35-Bronzeville-IIT,01/14/2001,U,604
41130,Halsted-Orange,01/14/2001,U,393
41140,King Drive,01/14/2001,U,242
41150,Kedzie-Midway,01/14/2001,U,635
41160,Clinton-Lake,01/14/2001,U,290
41170,Garfield-Dan Ryan,01/14/2001,U,2053
41180,Kedzie-Brown,01/14/2001,U,597
41190,Jarvis,01/14/2001,U,759
41200,Argyle,01/14/2001,U,1402
41210,Wellington,01/14/2001,U,417
41220,Fullerton,01/14/2001,U,3611
41230,47th-Dan Ryan,01/14/2001,U,1241
41240,Addison-O'Hare,01/14/2001,U,487
41250,Central-Evanston,01/14/2001,U,255
41260,Austin-Lake,01/14/2001,U,504
41270,43rd,01/14/2001,U,294
41280,Jefferson Park,01/14/2001,U,1856
41290,Kimball,01/14/2001,U,1127
41300,Loyola,01/14/2001,U,2130
41310,Paulina,01/14/2001,U,534
41320,Belmont-North Main,01/14/2001,U,4790
41330,Montrose-O'Hare,01/14/2001,U,475
41340,LaSalle,01/14/2001,U,205
41350,Oak Park-Lake,01/14/2001,U,301
41360,California-Lake,01/14/2001,U,274
41380,Bryn Mawr,01/14/2001,U,2024
41400,Roosevelt,01/14/2001,U,2292
41410,Chicago/Milwaukee,01/14/2001,U,389
41420,Addison-North Main,01/14/2001,U,2170
41430,87th,01/14/2001,U,2143
41440,Addison-Brown,01/14/2001,U,270
41450,Chicago/State,01/14/2001,U,6490
41460,Irving Park-Brown,01/14/2001,U,486
41480,Western-Brown,01/14/2001,U,909
41490,Harrison,01/14/2001,U,887
41500,Montrose-Brown,01/14/2001,U,567
41660,Lake/State,01/14/2001,U,3662
40010,Austin-Forest Park,01/15/2001,W,987
40020,Harlem-Lake,01/15/2001,W,2377
40030,Pulaski-Lake,01/15/2001,W,1024
40040,Quincy/Wells,01/15/2001,W,4807
40050,Davis,01/15/2001,W,3029
40060,Belmont-O'Hare,01/15/2001,W,3517
40070,Jackson/Dearborn,01/15/2001,W,4132
40080,Sheridan,01/15/2001,W,3519
40090,Damen-Brown,01/15/2001,W,1532
40100,Morse,01/15/2001,W,3424
40120,35th/Archer,01/15/2001,W,1339
40130,51st,01/15/2001,W,661
40140,Skokie,01/15/2001,W,2010
40150,Pulaski-Cermak,01/15/2001,W,277
40160,LaSalle/Van Buren,01/15/2001,W,1392
40170,Ashland-Lake,01/15/2001,W,861
40180,Oak Park-Forest Park,01/15/2001,W,879
40190,Sox-35th-Dan Ryan,01/15/2001,W,2271
40200,Randolph/Wabash,01/15/2001,W,4227
40210,Damen-Cermak,01/15/2001,W,438
40220,Western-Forest Park,01/15/2001,W,647
40230,Cumberland,01/15/2001,W,3397
40240,79th,01/15/2001,W,5247
40250,Kedzie-Homan-Forest Park,01/15/2001,W,810
40260,State/Lake,01/15/2001,W,6533
